ID,BlendProperty1,BlendProperty2,BlendProperty3,BlendProperty4,BlendProperty5,BlendProperty6,BlendProperty7,BlendProperty8,BlendProperty9,BlendProperty10
1,-0.117370069077693,0.348089598838399,0.473673446760645,0.079500632142915,-0.411503810080742,0.015351873721949,0.454956836017502,0.065650536169302,-0.146684146509597,-0.140499600423631
2,-0.503909621401453,-0.250185562403715,-1.41272672827908,-0.523577092205117,-0.577571305557573,-0.294263964903745,-1.39618701328901,-0.856044154612106,-0.003240855409754,-0.246947578214148
3,1.48417168331451,1.27297152399272,1.188538643168,1.32134888011472,1.47249061644677,1.23758377713846,1.1927479684157,1.57588928866219,0.77392640836585,1.91725369842377
4,0.841616409228221,0.457436284262389,0.534375025212863,0.376650440747454,1.59340625560228,0.15794983851154,0.516429783277704,0.632369839348509,0.376289374726107,-0.446052217721827
5,-0.024146771462497,0.136197605886285,1.17486604574722,-0.197263654924058,2.46351998635081,0.418315223939247,1.18559589452901,0.509796738639718,-0.434761898078749,0.807127789631494
6,-1.14603542697908,-1.28270774377634,-0.170645992476456,-1.09781764640659,-0.345555415684734,-0.948939058170704,-0.177318212079488,-0.604552338429156,-0.635203801231521,0.051562752799211
7,0.757379740156934,0.577813912206149,0.234976683296566,0.710653790067595,-0.217857773594479,0.598490088979797,0.220714522535806,0.430239471602152,0.75089799146286,1.11735874296016
8,1.07393382008876,0.985820864852141,0.29926440440228,1.21416166277751,-0.646768323476433,0.909215096966501,0.290720797863471,0.731670807677488,1.34431773229835,-0.01197202436333
9,1.20655488853398,1.21624830277374,0.45670040957463,1.20915596531811,-0.465564648770905,1.26305224519839,0.469056412276155,0.892316133506442,1.04370054334956,0.216809346497168
10,-0.755476765195019,-0.547991262860274,-1.82555597370569,-0.667436484407948,-0.531732291832652,-0.363523409101929,-1.80132107536874,-0.958980387488403,-0.142477749276172,-1.05526436460724
11,0.12680663746252,0.274645534863905,0.97291067371395,-0.030080614414009,1.58827797583534,-0.090355603003213,0.985934096163301,0.472078673753231,-0.392933329626366,0.642345174521608
12,0.005613010252142,-0.001587763415596,0.879926954510954,0.032055325788576,1.49540878642712,0.043709940103523,0.871719757922297,0.471784515873195,-0.304349433882453,0.768306412041354
13,0.912094577437047,0.7675601860373,0.711115403139466,0.808156071015959,-0.724807479658727,0.761692541434717,0.700418866294832,0.651917435386565,0.768388628521845,1.36336239322184
14,0.003667279314253,-0.156578049685063,0.704667660357114,-0.04070865322274,1.5430245164738,0.019658238918658,0.714545401590308,0.290435451094599,-0.347024427221561,0.043950475014486
15,1.08433888767936,1.30436603532197,0.633237367044789,1.32976425555371,-0.477347927672312,0.90779833009144,0.615391649979429,0.919305484867812,1.07850687250614,-0.295266060553615
16,-0.419923475626889,-0.43119145716551,-0.045519555532156,-0.452372859503614,-0.291221853044504,-0.518307084275736,-0.051273614150084,-0.296554403310415,-0.618383357737861,-0.276445326728839
17,-0.891699404272671,-0.770684330689556,0.05089488395312,-0.93306490828625,-0.445201260499265,-0.243969498468414,0.040077875038956,-0.753287928796726,-0.362663992225837,-0.198463880947178
18,0.09590279935951,-0.001666188846602,0.170746102768504,-0.050502409121572,-0.288633649283087,-0.099803240934771,0.157685880268321,0.255158457570805,-0.055021991261222,-0.647947612713253
19,-0.071337009788718,0.184824077435198,1.07846074875437,-0.163094328788135,2.14395970850659,-0.230298834568091,1.09353712707978,0.818404941599131,-0.601743004645631,0.809488986303732
20,-0.515082960435337,-0.672703924111019,0.069458714820991,-0.480303200400281,-0.52881254130841,-0.48423346211584,0.058289497326031,-0.087555961280417,-0.62997860687,-0.747294102203244
21,-0.688140874907956,-1.25671376988567,0.435377831617677,-0.864290977974457,1.78425018718982,-1.04812789201189,0.417347393823122,-0.477419058843777,-0.851537395950572,0.444957393468903
22,1.29371194346422,1.07828444800819,0.858508380383544,1.49923250577349,1.48845833634675,1.31538018879557,0.844786094309995,1.04007558802334,0.749726117493547,1.69181655305415
23,1.40156460864001,1.21947456274581,1.15268178787926,1.32250962155458,1.40128827536565,1.1544066818735,1.18904506541672,1.48295003329101,0.760896867822313,1.71876448452104
24,0.437054688125379,0.250869107643059,0.309501710294572,0.413177522933095,-0.563715859388503,0.414757396535351,0.293863904391944,0.26070648007438,0.237429384342684,0.715799731289673
25,-0.783925474990136,-0.542312179925358,0.11728537831646,-0.714809244422295,-0.545781585907407,-0.253588360631933,0.10521883713284,-0.656196803248122,-0.159422969690824,0.055120380904787
26,-0.359039156714507,-0.146618019947304,0.488443143272364,-0.024857277934632,-0.457360203273068,-0.153811606419059,0.469427495488902,0.035753265864486,-0.124599917854109,-0.626864811172741
27,0.865994711935614,0.94638639468217,-0.195895270929715,0.878344654957583,-0.520110775666334,0.725429370467908,-0.199413521494832,0.490130601366425,0.774771546892566,-0.702299193488723
28,-0.266894302243304,-0.318091168354062,0.160437942559923,-0.405471650699211,-0.745535836745897,-0.292768404576808,0.147593685542186,-0.240668796519578,0.049263214767459,0.522982896564565
29,-0.802120624140766,-0.738713798091189,0.158278028724644,-0.694351176544737,-0.465565985653013,-0.824525712918664,0.145454406678962,-0.589941033581964,-0.905065408695922,0.158993759408374
30,-0.103666444746897,0.157488758241804,-0.908568554778309,-0.02395044868474,-0.412756468616097,0.294323120603001,-0.901453799413771,-0.270393377123675,0.582139135361851,-0.913958790695606
31,-0.867964111360202,-1.17153834316276,0.612175350121933,-0.644257928780715,1.29280563981612,-1.15954940925669,0.595603716951032,-0.221680246800796,-1.74813932759524,0.544477358632774
32,-1.07875560619176,-1.05760241786232,-0.12633004607198,-1.06190720811087,-0.167016147020788,-1.54491454504943,-0.133830114031904,-0.778762586596713,-1.15624649609188,0.102559093755297
33,0.703313233819682,0.589669673914087,-0.313191163112463,0.786065710488596,-0.341456535141086,0.450137171685945,-0.317189624247919,0.277154442331751,0.926145247455427,-0.247978794719982
34,0.473898314296904,0.542546807180323,0.308153192661963,0.428339707991286,-0.406556009398405,0.217187361734691,0.293261290627655,0.566387738953828,0.091692513344615,-0.339001205445922
35,-0.815882703907465,-0.696788644405476,0.305355589980078,-0.676250864716897,-0.28443182881711,-0.405029375135809,0.289789918180215,-0.407131423707465,-1.47560337766959,0.151451697967839
36,1.02341281488419,0.980926036227286,1.06211625792254,1.12010533297873,1.43706457746238,0.72652035672464,1.08833086132147,1.17113682656404,0.562554304206224,0.670588666378335
37,-0.104798571454471,-0.123130955523618,-0.328582549109045,-0.005741317346913,-0.564190452536903,-0.110100938991366,-0.332302543125995,-0.039622861554848,0.249051647035038,-0.667582030055984
38,0.413223957766538,0.548017657074292,0.246082525969181,0.576769519613573,-0.35825178506602,0.347148069050473,0.231625003320817,0.430573143227269,0.266632329294739,-0.442867699994197
39,-1.14841062642563,-1.05309160341687,-0.294990746318464,-1.19851196631457,-0.175066851076186,-0.55738712114708,-0.299333226916636,-1.17709772379954,-0.743229742169926,0.000708221322565
40,-0.334197982392214,0.281460434385804,0.457376954014041,-0.159575831298555,-0.38548808425576,-0.140574306504048,0.438955854749948,0.179277432297676,-0.122711541359103,-0.675698213369594
41,1.44791857634241,1.24667737000406,1.30066445588472,1.44881279947951,1.59309743583529,1.49716122804742,1.36500828458894,1.74485591651048,0.843568652959248,1.8749793288488
42,1.13825985191089,0.78933541260489,0.669064509233151,0.959524009407895,-0.828550868134798,0.888983362938888,0.659062117981995,0.766728280395286,0.825369231534631,1.6078199071203
43,-1.13449942564898,-1.0957442205833,-0.876633828739662,-1.16125942072902,-0.450123660421546,-0.87186087913261,-0.870113126193686,-1.15533443109295,-1.00733360222857,-0.966501268014914
44,0.885988856950341,0.62313840267719,-0.031652680147353,0.806596324706145,-0.429266962651991,0.626260234989687,-0.040924515661278,0.546273779236299,0.71662164263049,-0.137923624345638
45,-0.734540175397379,-1.14763751698239,0.48088458766044,-0.787790862453586,1.63017452422327,-0.848042527785991,0.464392498905703,-0.300624319053609,-1.11800944478804,0.455561438232504
46,0.772804817426648,0.556758036143648,0.065346878853089,0.677355020011569,-0.182641625101074,0.728038645931925,0.059623176735943,0.430679976686187,0.849276232324602,-0.647143566732736
47,-1.29593902399401,-1.43450963062663,-0.761001870178166,-1.19550129320493,-0.289334175507768,-1.30842660605725,-0.756639368552478,-1.17482056130532,-1.32941756702795,-0.225999702197764
48,-0.044523859230785,0.115379710442009,-0.980670821283833,-0.00207772717735,-0.360483041304556,-0.04727982896659,-0.972197483689842,-0.351638027423342,0.4162064122033,-0.480041058682489
49,-0.31117369845521,-0.250629071737679,0.388789975845723,-0.080173862178031,-0.678349489517724,-0.273838277763823,0.378164812538809,-0.006707911903586,-0.48597832188573,-0.249110516973382
50,-1.30891374482815,-1.3444123320268,-1.92802045755285,-1.22201698047177,-0.541290998906065,-1.27049816579023,-1.90186083863748,-1.43296385791,-1.35069910703706,-1.1930673820558
51,1.21209145339158,1.09162758858003,1.22169160632221,1.16682517593316,1.73551816058282,1.05153273889846,1.32315041535633,1.34572465051791,0.462945016814698,1.62946443941432
52,0.705254192885252,0.904344955012552,1.02123331742345,0.327500295403319,1.32705789630954,0.830444373971782,1.05766099237058,0.794120086567651,0.502006624885094,-0.479548167482103
53,0.183494094670737,0.233626330122572,-0.376118938470038,0.081386836982689,-0.285601600661758,-0.096418153021523,-0.378940091004834,-0.021284093421819,0.221066885012663,0.55887859314683
54,1.12860635421047,0.90300360970983,0.774616869896677,1.17933941958166,-0.207709501511363,0.703886937673528,0.777038034772715,1.04721001421826,0.65636725339169,1.58719695379467
55,0.19605604854932,0.176959899732943,0.105169290230941,0.134164299326391,-0.365834580383559,0.113022418355853,0.093344174324967,0.242634063852628,0.128519714077256,-0.302446025944705
56,0.48394907036785,0.479316979513056,0.292046406633167,0.240081955713751,-0.305547881715649,0.591362312102482,0.277437921837998,0.383986437778484,0.34179949013204,-0.339799744262188
57,0.224021606272183,0.304187583426295,0.565962336539381,0.146206991764954,-0.442490063583897,0.356519944047537,0.54879807154847,0.163164605137462,0.021576888267455,0.839574624602122
58,-0.792833367640788,-1.08671177439157,0.549441852728378,-0.694605088734706,1.34681166633985,-0.687141753281036,0.534076851617182,-0.082514300102675,-1.157646055783,0.510589023419677
59,0.161500535154538,0.55743682177063,0.149807509493379,0.351767046130423,-0.420501026668723,0.186945828801564,0.137120892649131,0.258429317580167,0.105689396615839,-0.835220109829555
60,-0.671139886805042,-1.14926822508227,0.502936279388243,-0.84934643193624,1.84266124025996,-0.911883406909074,0.484854407854686,-0.502192713536612,-0.809288187774847,0.424558857086469
61,-0.321408171610421,-0.032276445865797,-2.01810372103419,-0.395786714310366,-0.472869372609943,-0.375109077044943,-1.9902611062072,-0.758294466645509,0.475685126355934,-1.32649495750764
62,-0.218492008348168,-0.282688847067882,-0.256930550355427,-0.460606869092631,-0.518273899649709,-0.038826200735609,-0.261994960916186,-0.280952327892155,-0.076225063309708,-0.977207195317141
63,1.07309754946493,0.659265483118874,0.670634732307052,1.1387860155265,-0.422164108011286,0.951939330987067,0.659044673899344,0.883664086806061,0.773954708286075,1.51084975900423
64,-0.212153768941055,-0.162189524489801,0.512247907922558,-0.178437879696304,1.26636344859863,-0.104495997097408,0.502447558120516,0.314818358752759,-0.331043976814575,-0.371373693699174
65,-0.441956403089715,-0.167746912790397,0.523088618314865,-0.527494594564649,-0.369688811501412,0.437869637332474,0.512557196929303,-0.187026692366034,-0.157865187718445,0.14048418036373
66,-0.036793426074734,-0.126243633836993,0.037245142763397,-0.125225139312654,-0.265117893000384,-0.11626652660059,0.034659108637447,0.202758841179206,0.040643316338963,-0.229433419107713
67,0.864455783112881,0.860204958982222,0.657549540024541,1.04389540281783,-0.294257912312157,0.735089144616054,0.642358615931336,0.684118210682314,0.636114801390758,1.22484344442077
68,-0.189444428577076,-0.089554053752231,-1.06139902939184,-0.11445200782394,-0.42449830417215,-0.023664522284419,-1.05143643621668,-0.331058683597099,0.217346731863101,-0.896068767629101
69,1.16829401628385,0.84964186472328,0.652656020954347,0.953575209528605,-0.352179666530714,0.479583193806871,0.649558264588887,0.936169073184538,0.576841904839758,1.61744229985632
70,-0.286349225686032,-0.285439145803505,0.300276935438289,-0.432603981855973,-0.349917662003691,-0.182116638746487,0.284813597147749,-0.152758031077788,-0.047361717400352,0.465850197842786
71,-0.441828755505193,-0.446235618292622,0.062341284468546,-0.546247823452411,-0.596776953923538,-0.639756583530323,0.051319793394327,-0.248476419852888,-0.588123024857403,0.465187961341709
72,0.274800292581955,0.71493672183229,0.143284341148525,0.35648255822986,-0.344991251435086,0.727399206764785,0.130761731610192,0.358830816883213,0.485026672750166,-0.83509757542499
73,-0.043679237830401,0.270635020581772,1.07829846951384,-0.066390057579676,2.26050240628627,0.176125366496951,1.08507674699431,0.667507803028505,-0.219561586528703,0.88720746499245
74,1.37726862073011,1.0140188637866,1.00810469830192,1.34724792349163,1.33742809082261,1.07768307336884,0.995653621850994,1.16634395563309,0.582371966523701,1.80839082910957
75,0.60036128151504,0.688839983583749,0.010032514061984,0.4986008382729,-0.389697926014387,0.629221050469762,-5.4552403977029E-06,0.468212180623596,0.681792158993724,-0.120699968153396
76,0.173036536484634,0.080158578944704,-0.098557439709569,0.122629431267768,-0.418422174990519,0.163736611448287,-0.10658721440898,0.204858923556582,0.202737541227012,-0.754157405649953
77,-0.428537898129952,-0.075440180496362,0.222718886578468,-0.417623162647761,-0.707485498183173,-0.263416328494657,0.21193539148554,-0.125325247688303,-0.455856915886376,-0.781434390180784
78,0.851916495627811,0.95217365062537,1.01657064628697,0.743807467443639,1.41400336109645,1.12555312590033,1.01658176355445,1.0946221178976,0.601662221236987,-0.233281550127482
79,0.887687643495744,0.817452281783137,0.222725743447786,0.892273552235921,-0.465337378812516,0.844436272714366,0.216981488848608,0.584631381404258,0.83423997016512,-0.092139814352288
80,0.437411385581191,0.332079993612352,-1.35131203541776,0.339506714671886,-0.415856698224942,0.105605227068768,-1.3359145360803,-0.368479663659468,0.774721378852166,0.092622792657023
81,0.314817213845316,0.286585130653264,0.634668167109217,0.332542266032718,-0.424927443328873,0.050636187575079,0.61622579429526,0.386335310402657,0.053876101764114,1.08360671006226
82,0.503800059213019,0.886139437718338,0.455815873432563,0.527365462079468,-0.337731981587725,1.03233441129736,0.442815754492785,0.663950102499307,0.519182103741575,-0.128469200119249
83,-0.559846701687576,-0.423267784308699,0.571287838376631,-0.711290746932715,-0.551657182772813,-0.206594127623214,0.553038569458226,-0.131621104404311,-0.794911828300608,0.258557781886245
84,0.910660629805324,1.04130009647585,0.663409877668621,0.859627699239817,-0.437161251500733,0.804944085479369,0.671739208591788,0.733083058196072,0.465874058557974,-0.257616332157688
85,-1.02046718582067,-0.984885817368536,-1.71518094828825,-1.17304820097761,-0.308050525022143,-1.22072797886161,-1.69301235201776,-1.41007076478854,-0.998919521401715,-0.914056542861046
86,-0.803327907837359,-1.14112009323327,0.794728067607388,-0.57860349108855,1.36817236866419,-0.875662663185581,0.784305873935173,-0.097389029917064,-1.76408633264196,0.528865924774754
87,-0.542265931097957,-0.468473284470627,0.024406797776346,-0.471633912771315,-0.344272008860891,-0.362096035416038,0.014071919458519,0.055186711083423,-0.560920369721243,-0.748907701328528
88,-0.521515444320741,-0.458140057854288,0.054243321803579,-0.465467473872051,-0.611758054827687,-0.516699394805748,0.043371635008502,-0.082523080934915,-0.467471460418669,-0.66486424449855
89,-0.696114673552253,-0.568779410727272,0.285472954579978,-0.612772817224472,-0.486879897103561,-0.699669912129172,0.270293777079788,-0.536512596346258,-0.706147842155263,-0.050010007838891
90,-0.141656513242954,-0.351305690547697,0.75372627470678,-0.194398074494399,1.59037019633463,-0.166538264155574,0.739187547072619,0.025996297773918,-0.470423656642128,0.530507059721288
91,0.308144943375904,0.009386388274827,-0.100609929258861,0.112654309518958,-0.387327634036602,0.142819980492837,-0.108588526436696,0.153615450076571,0.317491145018879,-0.903232211527441
92,-0.894006604538688,-0.856657533348556,0.099427804988379,-0.810642959550859,-0.412825986485721,-0.694886240445141,0.087701806500393,-0.797205261244582,-1.19226329001808,-0.123836298193838
93,0.069614554756616,-0.266189758979348,0.6052864820801,-0.008461805096589,1.54106331042111,-0.090269233257889,0.588218526687106,0.168921904142755,-0.284175449842144,0.453715161417652
94,1.39934091613957,1.15148241838884,0.907448142331692,1.33052599212362,-0.691267781328967,0.984720437484472,0.912351783892292,1.00322243511249,0.756770224909521,1.737633406033
95,0.750706276719441,0.908677283994331,-0.246935520512383,0.774023018050033,-0.310269749321704,1.08667613369343,-0.252180285686761,0.500827118506661,1.2800421816676,-0.654183099435448
96,-0.88409781166922,-1.1220573048484,0.18958420840911,-1.00923856527716,-0.062612338783281,-1.37072798235138,0.191736729602009,-0.4963066289918,-1.21277301402106,0.17968142191394
97,-0.234625708657188,0.043898986567871,0.43938910016891,0.007099384831555,-0.443669193603302,-0.174946434625855,0.421308786410471,0.281963411455136,-0.135528832500953,-0.574030454148178
98,-0.773385602006538,-0.521015618919425,0.272714606401641,-0.564964779170177,-0.600728777435287,-0.691366294508491,0.257781612342326,-0.361620370208068,-0.444455907115781,0.163662457901411
99,-0.161787849586837,-0.068005990502037,-1.74790649992162,-0.22363424951091,-0.388410508544219,-0.389344932436602,-1.72511580739738,-0.649154575791723,0.413739173703694,-1.23611826179003
100,-0.390809089643335,-0.087287829228679,0.06584057344401,-0.089278427846944,-0.202621328207669,-0.312412218232738,0.054756277676466,-0.212009623560587,-0.437572594701084,-0.600821431433936
101,-1.57970199032084,-1.60975260837209,-1.71510780834886,-1.47426060462167,-0.30172038823996,-1.31959103208447,-1.69292195995312,-1.56852673644568,-1.08550570004975,-0.43632656565612
102,-0.44529790668078,-0.301900373339139,-0.058175050670718,-0.384687124291691,-0.536643996698068,-0.246971225933116,-0.066935228718801,-0.388257024807801,-0.118727684407447,0.464182903866063
103,-1.52166290027839,-1.43672447297125,-1.23576007366497,-1.29536133020301,-0.221035542365598,-1.18871965429605,-1.22254544293499,-1.58555277015884,-1.26150676300831,-1.34649835485513
104,-0.546455634993644,-0.893479625368466,0.757897536875441,-0.770887565235603,1.21085209282111,-0.287821084954269,0.739769545102866,-0.347001748000675,-0.377781295065964,0.473287623162569
105,0.372057015274406,0.204154594015567,0.581113732109822,0.189698522589764,-0.444228010324518,0.267189383242871,0.560380942428372,0.339543718868274,-0.494334516512131,0.942831200709697
106,0.146351033511223,0.115409458019287,-2.04072453291541,0.04819688643665,-0.565415036547986,-0.016224602116984,-2.01244522186149,-0.518266026951747,1.34248981472382,-1.11826081646433
107,-0.631658608209439,-0.279792514771075,0.177817820658826,-0.453714966793454,-0.313130677033187,-0.2456226456991,0.166909042513326,-0.106016197592765,-0.219287591846526,-0.395934269463634
108,-0.450783173910953,-0.488707045670169,0.490847618779997,-0.594454866376658,-0.529220290351402,-0.330525620611865,0.4718220922891,0.022975691483392,-0.946742186667098,0.329419841083567
109,-0.520742401005137,-0.427088995826335,0.580487471378746,-0.597429266316303,-0.193470370177248,-0.674499950031157,0.564975079468224,-0.035427087216216,-1.15562389784693,0.408287940309497
110,0.540672316618456,0.637517299803354,-0.707744566182566,0.589066124242105,-0.281227322403827,0.397498600057331,-0.704391169362976,0.011471337777085,0.962536372144602,-0.648770933768645
111,0.09438772989837,0.272225163803548,1.04587004888427,0.112400397328988,1.7260730884886,-0.033568253081639,1.07767569847343,0.555455602815153,-0.278626092758047,0.760191605518806
112,0.842765237488912,0.554775765766841,0.561690506954051,0.565234651554949,-0.373385290530501,0.652184795915275,0.553423925102232,0.587811506147142,0.723313287403663,1.37138220116108
113,0.045219550496109,-0.10768114561544,-0.157903643659861,0.046637140126836,-0.215353793405877,-0.035651733780257,-0.164823491424675,-0.050695491009361,0.038886148565,-0.595362454871008
114,-0.552665033848158,-0.591425430011549,-0.736947972609405,-0.61404237817432,-0.390887751090658,-0.510658058409097,-0.733012151515285,-0.84341585437909,-0.221808857466561,-0.043788289027321
115,0.69752853160152,0.48866583175401,-0.467025026269575,0.69066727339998,-0.32558908139922,0.463415383585584,-0.468153887156346,0.263151941853193,0.755512164819525,-0.531922676291781
116,-0.577503822234291,-0.414900602117923,-1.16523260147956,-0.375074734242838,-0.410228424549548,-0.367423684969744,-1.15331939384951,-0.838036131160112,-0.216735453586246,-0.966309894057222
117,-0.132809461964362,-0.070285736651625,-1.87749675879216,-0.126784885622468,-0.47460999311478,-0.049320882421892,-1.85228792739628,-0.850873707894845,0.407945408217656,-0.846340451241603
118,0.454646195427713,0.459377989761088,0.744053517721698,0.37534460662761,1.57681020111146,0.473626711896854,0.743764240029821,0.754626830096664,0.346928207492795,-0.023263087867133
119,-0.46975255934527,-0.283813846354036,-2.02521658014042,-0.503989580407454,-0.459693062551824,-0.276217233906976,-1.99724984004725,-1.02248775666347,0.598749902173844,-1.30932224258472
120,0.670692714650072,0.705184925135477,0.380858863667501,0.778266978939526,-0.307160161538102,0.27533389870111,0.368751351210346,0.582589837908481,0.192085193982366,0.070857102749497
121,0.355097781054279,0.099462052273002,0.127163841381092,0.382744333306726,-0.4460742445159,0.342640174448006,0.114927262040666,0.398666525811555,0.35612568156588,0.058295261094979
122,-0.979890762527956,-1.02936114972455,0.080066291656473,-0.902631718659882,-0.313890026070628,-0.903535846786387,0.06871154379683,-0.629195744110433,-0.597774584014097,0.051576520709836
123,0.174689990243011,0.005554359456362,-0.117416115958129,0.271131789230046,-0.398499957814576,0.215502394071517,-0.125081113669853,0.264471993633257,0.420924780720793,-0.827964420930025
124,-0.879303272957157,-0.863929463830456,-1.34810987744609,-0.849999348996161,-0.378331754330728,-0.54270729495928,-1.33278887363448,-1.28093984586858,-0.592950733975765,-1.38656985873005
125,-1.56019815518684,-1.47260005116867,-1.97687793706918,-1.51412481844691,-0.394328885637086,-1.46053736490206,-1.94982889427484,-1.60679213987512,-1.07864940119527,-0.413014739385373
126,0.542822045097963,0.669866437930717,-0.420041757700262,0.409876664463489,-0.118273425356923,0.29307151692514,-0.422031732628543,0.0953824341336,0.73396563464831,0.506510968292465
127,-0.891649299613324,-1.09796717590353,0.50892232630316,-0.716042532202148,2.10089606203823,-0.91051967408816,0.490721962928021,-0.497205200824349,-0.742400039963335,0.158010730589728
128,0.244640866560638,0.196152495727751,-1.20564470361879,0.153679264784062,-0.424712205309457,-0.195591834275813,-1.19297930866817,-0.277273159183637,0.748721470325564,-0.993055437237917
129,-0.764236729803796,-1.12774450075894,0.583003942418579,-0.728774414870629,1.64175326016213,-0.600631088898283,0.563419384460942,-0.33358609981015,-0.990297050253199,0.421864476977099
130,1.36633864718448,1.41228754136182,1.14161022955324,1.71763326231743,1.86833338738315,1.3880701786677,1.19797009243097,1.1448879920549,0.917260358864825,-0.128816151467007
131,1.25880689042211,1.47376767062009,1.30627337498713,1.69086366286062,1.88085195144405,1.2439266500144,1.43143693714757,1.56977929289526,0.954936557204211,0.535609447399022
132,1.0838497707667,1.28600907581616,0.453420540417354,1.56680942147542,-0.537466179194592,1.23820351794263,0.462973184908234,1.19215521200228,1.47754989763705,-0.145516627055487
133,0.603674153872195,0.669682543816633,-0.649072621048578,0.550870476236663,-0.382239460732908,0.513065865077705,-0.646811424185215,0.111345987145737,0.767955125198401,-0.761541136118298
134,-0.795790735510209,-1.20383609911119,0.41245760310955,-0.867519290104071,1.47999854636625,-0.502978727368657,0.394890516149205,-0.400746295197018,-0.487332858976494,0.37628305526994
135,0.117209209261836,0.051327767911782,-0.936137740684276,0.139206269955789,-0.373031016771836,0.274145935888225,-0.928520672384495,-0.051043797354877,0.579441638420416,-0.62459448271063
136,0.62350128335577,0.418710347296678,0.174188251166314,0.502445794292442,1.45966991702942,0.26688633150489,0.161071618128205,0.321718629421279,0.224776747282142,-0.070714191837207
137,-0.53119757325508,-0.559906519722768,0.427739279197039,-0.674147020857148,-0.17610828223845,-0.726593028531406,0.41507331977578,-0.126302847011012,-1.14344464127015,0.319709333719548
138,1.13801529345457,0.791736853388798,0.56367442781016,0.999823501273086,-0.267210113499669,0.570483562614281,0.543285741430927,0.577394512166541,0.775717021500079,1.57359425809688
139,-0.222636379456829,-0.33341928362792,0.530642602680576,-0.021592692635022,1.67299352126583,-0.26401637093586,0.513583226154288,0.096190270699671,-0.493322151184086,-0.00222847401381
140,-0.526603453180397,-0.3400367674097,0.388131716391161,-0.689091566895365,-0.325244165815312,0.067199480314432,0.384638153027823,-0.090203382200747,0.128288169275415,0.204495327233906
141,0.483881071187311,0.528146275452501,-0.518042419621182,0.735573457854621,-0.325635872273006,0.289980389197733,-0.518248535051365,0.188636335993369,0.644606063818232,-0.738422060596305
142,-0.967822697434342,-1.01931728590537,-1.88690666912004,-0.96716168808218,-0.505917098323897,-0.95393335081263,-1.8615063321642,-1.16505481238251,-0.6864073614384,-0.712311218095436
143,0.39497989692464,0.374521673412621,0.547067090321124,0.291118305897661,-0.690880085517598,0.37770932156717,0.536753725391179,0.399532901259225,0.405033089154513,0.89817635938762
144,-0.351389845387872,-0.447960977774753,-0.01986800741222,-0.534350223693831,-0.16370602692096,-0.388035748928524,-0.029359088864026,0.01186501175584,-0.451889781614853,-0.51977800232921
145,1.13417155030197,0.895301691520001,0.641522750804458,1.06536911945526,-0.251672869638521,0.92871647630558,0.624042329148359,0.574700260140932,0.946546917217544,1.61727846171988
146,0.622655468987308,0.991270080144453,0.465605197196056,0.544051120277477,-0.37905367066914,1.12443334972848,0.455036127302277,0.713154959427621,0.779812791772625,-0.018250191608464
147,0.417840744234735,0.640216216360042,0.110005668723482,0.1592290597934,-0.417493041925341,0.180119588403542,0.098081035677414,0.23382981606009,0.132567889029424,-0.814251581947233
148,1.15871328963628,1.08539952762807,0.1873008709261,1.1195612354288,-0.2308215193974,1.11639035660247,0.184391184980472,0.725680816617837,1.09043914796096,-0.141366978793024
149,-1.52888155012828,-1.65305155926301,-1.45530560112291,-1.47854083868116,-0.192047927614156,-1.46679841380875,-1.43796559123685,-1.66110890463909,-0.822942899283352,-0.40652454631661
150,0.667481244579688,0.647753170712238,-0.388289881510104,0.654285283894322,-0.325385875318778,0.564842254511763,-0.390903560051654,0.145986370332139,0.856274030780209,-0.540648778046092
151,-0.88508201033492,-0.860759994687732,0.039345630397917,-0.872234802203509,-0.247852060573373,-1.18017662580237,0.02875349374742,-0.554945026689846,-0.905950424382954,0.185729665051631
152,-0.674283357694887,-0.318742910728974,0.010041656554409,-0.534531589543809,-0.316081175845918,-0.211976326489757,-1.97276716574235E-05,-0.450008227534892,-0.584984306432462,-0.732143893351171
153,-0.386874680916689,-0.404088709939927,-0.625439278131342,-0.390164372961037,-0.457965810868069,-0.429822037820038,-0.623567976966332,-0.612232639694987,-0.348124265030301,0.4107386284008
154,1.05633396200986,1.01110360121334,0.272975167435738,1.2444134865539,-0.431200094180405,1.08562757468001,0.263742731131695,0.781799115463032,1.3477343044855,-0.058932990715143
155,0.217159653878107,0.230454156654641,0.560664262179406,0.230251926644924,-0.620068114012069,0.231180775735966,0.55661777805296,0.329264291259433,0.26020052924363,0.681404736965565
156,0.626084059248186,0.404342267471342,-0.217594976699177,0.58801420231223,-0.479621964138309,0.354941044492655,-0.223380105230861,0.257524891859457,0.811655347465656,0.330784241026534
157,-0.297590563900456,-0.317726084451103,-0.371853965754026,-0.277318541104504,-0.40509212348996,-0.395631740741019,-0.374729723783292,-0.434957881075705,-0.240853417417895,0.534300119098557
158,-0.533349687670746,-0.446438442683155,-0.047311484047351,-0.62184110972339,-0.400078815584324,-0.334756222874079,-0.053032294846389,-0.326410696398112,-0.298511932156067,-0.329250771141089
159,0.601145061543363,0.437973255746871,0.289273945805448,0.326593466153427,1.50089936124537,0.213294662160325,0.274399479805427,0.446759143989482,0.122930479832841,-0.291954878048232
160,-0.210779469713313,0.155260394271151,0.399854677302429,0.061182681295101,-0.668753349745282,-0.005140484800329,0.389034061855738,0.046844920455518,-0.224813794450438,-0.613833483765901
161,0.146760221562538,0.203359522404679,-1.51725284416796,0.229852921774972,-0.500986677108968,0.006640651513684,-1.49874711849382,-0.574274565393944,0.897609923348676,-0.977142486137203
162,0.91735198776401,0.77610044504133,0.671487269725633,0.90359078127457,-0.295827411907148,0.791581019093096,0.666285554024978,0.911914951065897,0.809090345605273,1.44752150050107
163,-0.378678990209579,-0.473938725714182,0.802910598327282,-0.169188221347408,1.5762928277356,-0.505589518091364,0.821003466354643,0.24332628612754,-0.953064646117338,0.508324202121815
164,0.201222793302229,0.267879313195735,-1.46309271904545,0.168986542522236,-0.212355166837252,-0.003185801090351,-1.44565208838292,-0.250078921736669,0.673177406005269,-1.15510512208868
165,-0.737584629936614,-0.637147456288034,-0.312567188004493,-0.631489772942238,-0.428412694984871,-0.505821352670918,-0.316596525437804,-0.44576415861894,-0.635129192350929,-0.834962649900862
166,-0.905842040856775,-1.08766640118968,-0.009166720029387,-0.984826721870073,-0.16753352039665,-0.801971087319427,-0.013664171955704,-0.583362726762239,-0.652823074291529,-0.360955515729014
167,-0.154736215268099,0.192988435235441,1.07109647110647,-0.038967541062948,2.32237598401658,0.142353280816346,1.07139741454496,0.715269676525396,-0.33309958011091,0.694604032882034
168,-0.467810407311619,-0.288092088831673,0.556742132929311,-0.646289226300473,-0.348251906896912,0.016950471639799,0.559164614119927,-0.172905650652236,-0.195466777177239,0.35407954580453
169,-0.045201465100019,0.098158567523179,-2.06148713321137,0.021354740639853,-0.573247828819752,-0.249063798183875,-2.03282149622292,-0.559111531587678,0.68043376282293,-1.23990719079411
170,0.542035879133481,0.862103395277609,0.49551257553958,0.583842787762728,-0.505514696809338,0.405899194234165,0.481980891694447,0.652764785697715,0.189574219242412,-0.574435230720562
171,-0.089437914461058,-0.183264330828752,-0.223480456197425,-0.090185257096836,-0.326102444128757,0.136298307091486,-0.229160439890943,-0.074749117458525,0.071455497663806,-0.865816537612144
172,0.063537575358943,-0.001498520683761,-0.889547599289215,0.070359793304005,-0.302986415596396,0.089170731318057,-0.882777530197916,-0.272175886068375,0.325431845361978,-0.947965529940081
173,-0.162896116932821,-0.236993864043468,0.502335160511335,-0.283122248303811,1.27471762489259,0.011409170610815,0.494554903634033,0.40610681766283,-0.27852575667725,0.019983296197976
174,-0.142155173900242,0.1207450916529,1.08641014591744,0.098362680540664,2.22963379840864,-0.07507421911552,1.11740538962269,0.522606509405691,-0.527911085498941,0.868747450426056
175,-0.336356061648278,-0.449310436053097,0.30049406963337,-0.461948976382471,-0.605155194095437,-0.011333347065971,0.288291312897971,-0.136152013840099,-0.020677465348311,0.468877761389288
176,1.38980194337479,1.21484205366604,1.12603370808506,1.33749044076279,1.52662097300656,1.27473640495624,1.18714048875643,1.41554251112939,0.847498482790476,1.92802846527912
177,0.184991269610682,0.193897088505027,0.533186501197683,0.052150661966178,-0.461080746180104,-0.097642482042967,0.516648627223682,0.17634756127363,-0.159407533370701,0.992150610151622
178,1.06940173435421,0.766997686394222,0.617391142050089,1.06181434879569,-0.408142888460803,0.875296031192975,0.604514471534023,0.889365773873836,0.837632101512074,1.36993794733648
179,-0.488929521225442,-0.433227814046458,0.860403161938514,-0.746403175488525,1.08040715799856,-0.478025447263299,0.846257740555414,-0.140521941351488,-0.628362938697161,0.314879550672195
180,0.634750972346752,0.454699507152801,0.267238253439388,0.447818400278961,-0.445812215622699,-0.201460431181816,0.252402491583204,0.204610133309785,-0.094729352056749,1.33210097535605
181,0.245369770057297,0.241260640182223,1.13417738321215,0.26489280399079,2.02319781079352,0.407476578530355,1.15140866418551,0.851674051484069,-0.157939796599037,0.450007463086261
182,0.479536281441271,0.395885842548732,-0.15420321985106,0.325722910073531,-0.322508905021997,0.111329874399229,-0.161180849802121,0.071527839881874,0.322361304017579,0.762914898240489
183,1.03148562987909,0.900461544015153,0.795128051650959,1.10450786988059,-0.278447944500943,0.93000899196807,0.795447885271727,0.944226950236685,0.723799531487527,1.6231490988105
184,-0.234362062711586,-0.040870791373969,1.25372689977753,0.150414679484452,2.39431227337508,-0.009918095449599,1.28409628595335,0.777863839147517,-0.339289544480097,0.619482182137246
185,1.00318484812585,0.95907238422869,0.327130721312041,0.81820373910476,-0.672112934483113,0.061783945756713,0.311150990298544,0.441818462382499,0.23096413893131,1.49375552117187
186,-0.746067825950918,-0.633672398396907,0.327318142406743,-0.782349886954236,-0.309446229943072,-0.125406567018097,0.313609020126563,-0.487397011212382,0.038071882678529,0.144979403182888
187,1.01150102860901,0.779772918672575,0.681747431848986,0.983355482095051,-0.35248982317981,0.529117000379871,0.665208778377736,0.755728824542772,0.536240523837127,1.35996034250633
188,-0.02321744932846,-0.125234920534743,-1.00212139413473,-0.191858952594702,-0.419184197792176,-0.266187736638493,-0.993236633191987,-0.378923000136789,0.465070083551585,-0.91915893053878
189,-0.992331033662415,-1.07793083044411,-0.594731931700679,-0.99900953133838,-0.358199646663802,-0.863161778993865,-0.59346583361443,-1.03123053863033,-0.830811563465879,-0.30631343203935
190,-1.1897803734913,-1.10723760271348,-1.87941211095509,-1.12244712883365,-0.260972221582949,-1.38159844819276,-1.85416237336835,-1.5801671930517,-1.01100358733774,-1.23085478955798
191,0.975349323923669,1.38228575751422,0.719249935774132,1.14168786912616,-0.560455203926677,1.39282506043662,0.72268861653668,0.942593715440065,1.3063559620367,-0.438708414194295
192,1.36668341495949,1.24417046053707,1.25190297253885,1.38961498604657,1.47804135095989,1.12273929051317,1.34437827811623,1.83140126253897,0.566778710479793,1.76840193269841
193,0.976789236395791,0.652696677190822,0.685205579608539,0.913239444493419,1.64467033692215,0.644067555113452,0.671599655930585,1.01201351165667,0.899729844645523,-0.020104729169691
194,0.995341083002236,0.697147670619968,0.443457509297796,0.715224209487049,-0.24962877689513,0.85062004342787,0.427553767999333,0.182573171331719,0.946855643619998,1.40099284654289
195,-0.346910250248832,-0.529163750768425,0.509022893719829,-0.436448937875514,1.46785029864931,-0.382076236501128,0.494120387393468,0.030957467989461,-0.446282538330296,0.526391831235388
196,0.513145771148899,0.638980339740397,0.600418104864074,0.57637051474362,-0.423324521681177,0.833232449961208,0.579339488618025,0.638599839822718,0.462448481850753,-0.037932796638383
197,-0.592112909337534,-0.335198729614194,-1.99466922732718,-0.684666240155893,-0.319655998603163,-0.571151731086178,-1.9672333312829,-1.12062380124862,-0.093570341687539,-1.32537149600062
198,1.25984715858755,1.03053688215158,0.910156605712439,1.27934454925973,-0.474660794634891,1.03735294807833,0.920625036545694,1.08511833046995,0.847486905550383,1.552877682979
199,-1.33836574077824,-1.36605775098445,-0.980595395721331,-1.27178376970583,-0.362936219973047,-1.2839824528717,-0.972119778230763,-1.16648462456558,-0.959041074724828,-0.161443346066827
200,-0.056430873633648,-0.074215121177545,0.056565514879392,-0.252217507467499,-0.525800545918704,-0.228995712094772,0.04565680983571,-0.119622097148489,-0.325302952088956,0.73678202708262
201,-1.33786946605711,-1.10216428862496,-1.60444479442006,-1.34585358283699,-0.344821467407349,-1.12365141563415,-1.58433730293112,-1.58156627232193,-0.860751592703791,-1.42636738118352
202,1.27669425380819,0.979987635380421,0.782401702196106,1.23904505739454,-0.734031966205097,1.06375178497386,0.76223118025387,0.762108099165059,0.992594746503454,1.59920394865099
203,0.94055402394488,0.813111839825737,0.379092077006474,0.75603152573218,-0.312132026098385,0.429190235556697,0.362149558839996,0.616022856661897,0.474172366983915,1.57589487596237
204,1.13260756914957,1.38195312551375,1.17207301431155,0.758534374461881,1.43200848932928,1.01846827902604,1.1752150795263,0.872724633307187,0.709118304690866,-0.138322893753772
205,-0.799509217014438,-0.925777381316894,0.598500467078044,-0.963207912552652,1.12119944176514,-0.558531141457959,0.578828852744076,-0.328228328671771,-0.428614383589899,0.489305210384036
206,1.09443736247349,0.72660318077573,0.800773540723063,0.908378839713999,-0.36939737120183,0.779337728878663,0.784277329072653,0.819326928984321,0.751063931904177,1.42380765124007
207,0.91011425042485,0.698434929418549,0.270058712352334,0.764265535321197,-0.366962908882854,0.219107194494801,0.25515707081628,0.73323233234415,0.303575302428299,1.38137219711079
208,0.962730107577263,1.08027212703541,0.144466008294387,0.946610760889436,-0.418499714152793,1.36784905145091,0.136071076038713,0.842386857918336,1.32529375410718,-0.450960477859744
209,-0.905937478303143,-0.874644000300997,-0.035503955081157,-0.938469610615604,-0.331389812866568,-1.06004994738407,-0.042429464246304,-0.561138440363055,-0.925332010656967,0.115042458319251
210,-0.372442153089234,-0.190108977927929,0.783208527152565,-0.104621978755113,1.41119056114087,0.026442052073364,0.767968697620174,0.574425127397415,-0.28032408797154,0.490558090250937
211,0.56172343135174,0.748816508026872,-0.29127432314792,0.579961558573191,-0.369743623667847,0.341188556623077,-0.295673141211432,0.095285844978962,0.619208171776413,0.848481085985624
212,0.124992133013392,0.06340798861191,0.043400325788166,0.038548223217802,-0.434343104016711,-0.099271385134614,0.032713300509073,0.266816475841311,-0.007909055886849,-0.362344697911106
213,-0.28750998362752,-0.274424429234976,0.510769109772901,-0.321390442649245,1.36101069121072,0.126479430780899,0.496673566763215,0.361170908675146,-0.107308666596708,-0.567917501830548
214,-0.33293105029164,-0.213065994611024,0.489181399535639,-0.165633450687832,1.38270962470842,-0.043208328866816,0.47106882508374,0.018955533789559,-0.230975458899401,-0.325463218928071
215,-0.341182810498492,-0.197099658588289,-0.524958715140288,-0.332598852177907,-0.352020577559842,-0.266874148825021,-0.52498195095444,-0.60769587637104,0.123030815913638,0.488041316188634
216,1.24928581217852,1.35807393393503,1.22935072935081,1.66199021954407,1.91321786728283,1.53505330210588,1.3023856136995,1.32168273184507,0.973164278549054,-0.230172755908291
217,1.34551419638632,1.41382089375425,1.3262954333967,1.66598026824359,1.95587911223664,1.20885598763655,1.51230136101229,1.47539412714858,0.896247668097851,0.449661888529566
218,0.795465246099363,0.987908603912024,1.04667687384073,0.130827167686789,1.51061314664333,0.724927819841549,1.04234825945487,0.928837078264223,0.401427422045861,-0.477316389169743
219,-1.30870974728653,-1.42863854060201,-0.846680737934017,-1.28727241329398,-0.418419501226303,-1.47128357953087,-0.840699231193629,-1.20213919387569,-1.02259755010987,-0.147051749090208
220,0.997540916141086,1.40777943124158,0.708646930184862,1.20995397505801,-0.469258454035777,1.17637490235974,0.698179680412791,0.920204056700362,1.47557919410139,-0.436578518420563
221,-0.221522147270449,-0.192313002971718,-1.18213021310308,-0.158052358158737,-0.355733099174228,0.025790490836705,-1.1699055447987,-0.666209878945687,0.495798651475764,-1.09724272410376
222,-0.333330694598318,-0.017478378332531,0.935687015807751,-0.080899325577944,1.6455299521177,-0.076169751148321,0.955245197304064,0.45480824020939,-0.288606960077358,0.647166696822586
223,0.024804287749271,-0.180508623442715,0.788358036010644,-0.150507538799637,1.47879000494046,0.057286657965072,0.770084189097965,0.219099969977659,-0.244176085324297,0.631080270047993
224,0.60856413003063,0.381222991275821,0.693200689233732,0.48561504341445,1.7527465603108,0.29020313222515,0.671761410151526,0.610586058033359,0.384285388549647,0.078993937929045
225,-0.546530791982661,-0.607248436798307,-0.044171037899548,-0.558580701250939,-0.330716024284051,-0.415777105023307,-0.053198806544416,-0.053767318821285,-0.494783456155699,-0.783284797368824
226,-0.282369484172361,-0.271979719247755,0.602598589307309,-0.362451671084344,-0.446651777586629,-0.380503397981005,0.58701329915853,0.023092769246591,-0.808696462170145,0.214335252957803
227,1.33583326042006,1.38617998581245,1.04544720860964,1.4379671216508,1.71511867649426,1.2481754353809,1.04350749803828,1.07588821231377,0.888843379879016,-0.330909804371437
228,-0.180148821300539,-0.132609615374512,0.20900743356488,-0.162260045878235,-0.572836069130436,-0.008161910627999,0.1952255461321,-0.007531846662097,-0.136645392989826,-0.547035711785166
229,-0.856939893336272,-0.778326753724828,0.200258068314669,-0.816011388710218,-0.630399538944004,-0.29451549784627,0.188929818120981,-0.628349857271322,-0.731262734994834,0.159428825384134
230,0.038194161475122,0.381479902170496,0.340778176878658,0.136775967566079,-0.475513725419903,-0.009352903958265,0.325994318808386,0.444622474811107,-0.116982093873575,-0.532332960028415
231,-0.108440703001606,-0.033731372827218,-1.97200955985315,-0.320302247549374,-0.531641383849297,-0.374825723669931,-1.94503970067444,-0.72600588302736,0.204813726283509,-1.31140670425339
232,-0.077312586899623,-0.024282460553601,-1.78338851302096,-0.094646857006304,-0.568114201524381,-0.275736896902275,-1.75993736801907,-0.700699524511971,0.370608808920967,-1.30151583726018
233,1.1268586559738,1.09372884926595,0.625107405656336,1.08252632886322,-0.629066667482159,0.591963869802375,0.616969546546448,0.792470753578589,0.941678044578854,1.45595847613225
234,-1.16756015003998,-0.931832365455596,-1.91450099688018,-1.27508462817543,-0.323308360522683,-0.892607801114791,-1.88860016417174,-1.33032470985782,-0.499939187076669,-1.40952922648879
235,-1.29321189896396,-1.33185615009022,-0.865738263392809,-1.17221391806771,-0.312055823818219,-1.3361422027543,-0.859410388574784,-1.17598841199323,-1.21263408713995,-0.199769078874456
236,1.01497972352923,1.02470635700507,0.106732656435524,0.879614215907432,-0.205916742604307,1.45187620684091,0.09794148301621,0.934771457386354,1.19925234122562,-0.473539851285225
237,-0.131641546214397,-0.015712453972293,0.665338943570183,-0.066063599049715,1.29318531433484,0.094308973535524,0.660467159548203,0.556712725297499,-0.185049833814462,0.06174687628874
238,1.3391294312241,1.17043432944021,1.11823516204699,1.536847783059,1.39203170364869,1.19723243822629,1.16782671761098,1.27629900041315,0.78848543096154,1.82592839366407
239,-0.794992639864931,-0.56186445117271,-1.42265090380584,-0.491946887968891,-0.420221618308116,-0.630972628904943,-1.40591922558227,-1.27093116058714,-0.315403125450289,-1.42604383528383
240,1.20229002764928,1.48533406953087,0.731692867963826,1.34235104554221,-0.478949512437899,1.13619024190346,0.744967881732701,0.96388577014978,1.37102642519059,-0.41697026010802
241,-0.422355937541268,-0.257949680073306,-0.842733466829755,-0.194252981814417,-0.6266188363421,-0.455678412104579,-0.8368361597994,-0.497541799393545,-0.261478913821792,0.193560852615298
242,-0.006147269076926,0.153651320772925,0.099393520641787,0.348176002300852,-0.379579065337651,0.240889038162187,0.087674847463569,0.150526060600167,0.050265289215422,-0.613777035332337
243,0.791199192246579,1.04842328907136,0.476379624518286,0.763576345091279,-0.374925378719112,0.525207632959915,0.47267050903619,0.775444719865426,0.550367329469383,-0.451982056828141
244,0.955946891076446,0.824916219354739,0.165368031599814,0.794009534717647,-0.344856226342161,0.721698803573362,0.15451422887733,0.504528239295779,0.801399199104158,-0.081622507425626
245,0.792291951007526,0.703408183474411,0.306516686517985,0.798326041947132,-0.55272535157724,0.651589299250142,0.290930126855276,0.486278742957188,0.883287590994867,1.32663098446462
246,-0.771787024779823,-0.587128257257463,-1.42060984237207,-0.543164604002779,-0.526960959588595,-0.629851337474413,-1.40394487259138,-1.25738965380117,-0.253723449320164,-1.43389980508662
247,0.286312434550458,0.228068941821976,0.662315064200791,0.203119595488162,-0.443872399683745,0.045355511040761,0.640082956058299,0.23379176578705,-0.49647630592915,1.02684161455417
248,-0.852735873823628,-0.958734992615853,0.361005941367781,-0.829432461608617,-0.195994403597473,-0.56057825594802,0.359953190251734,-0.394667032342927,-1.0643695187218,0.329286292350502
249,1.00817622657106,0.817460394758758,0.443985488235309,0.919079424862722,-0.419506386380245,0.813306798188957,0.428048545616328,0.203136416965522,0.95168206637835,1.48284032162814
250,1.42351402833726,1.2062963860116,0.963100779342502,1.41732768792326,-0.539676045319396,0.952954554309302,0.997225175115232,1.15062333897959,0.805124497693759,1.70234212072719
251,-1.52562832617511,-1.75834446120155,-1.12055552662432,-1.50509279911799,-0.354389532655518,-1.35270852601103,-1.10946497006627,-1.55185925338231,-0.853093891562942,-0.328102527394939
252,-0.553596741918356,-0.023838951219637,0.23821083999172,-0.172597899327001,-0.345870919862261,-0.272813962889448,0.223884588101102,-0.09339814166403,-0.341080157614325,-0.765547598110258
253,1.45255087139564,1.38442217442783,1.09432068748771,1.4513519213792,1.90177950396534,1.40132566168699,1.14077253124582,1.31136379049115,0.963510146672339,-0.394282120188599
254,0.088314329404935,-0.106423634394137,0.676881340256066,-0.000626800377523,1.67842259950711,-0.104877842287264,0.65796155494932,0.023985487190981,-0.378185212109173,0.400101540651698
255,-0.918899076488406,-1.0279332660152,-0.66428801406599,-0.922944693857457,-0.513994540021458,-0.830468557500471,-0.661707084943009,-1.15243090256562,-0.795323463503879,0.063023161603705
256,0.421437542994843,0.715366709540218,0.473575164967082,0.299787593526626,-0.435311006663026,0.843355893268464,0.45485534317299,0.480322411754457,0.513998072900382,-0.3420810870528
257,1.42437535129076,1.13960231775403,0.964392156397457,1.49321115955421,-0.378865170291888,1.19472468509449,0.993742701887922,1.1624716086153,1.01720667257903,1.57986278780458
258,1.03767474827625,0.889722668617748,0.364084675691719,1.03696722734865,-0.325832393942907,0.894758013806116,0.349520043001067,0.744457162890821,0.783354140880765,0.145563162593401
259,0.729398673849036,0.529328065568005,-0.233614909049941,0.892164732725934,-0.238915003680259,0.541864871738042,-0.23911149613018,0.28946955954821,0.859275108684057,-0.460940836272019
260,-0.861708186750583,-0.459659888620679,-1.81637691131153,-0.730914531900374,-0.389648461376384,-0.626167743599254,-1.79229455550997,-1.26166152868588,-0.104377052133412,-1.48146793629701
261,0.850700861154661,1.10932739706052,1.1633465052924,0.490258009173896,1.54745093313395,1.0484946452252,1.1976767146773,0.974737415326254,0.776084920463002,-0.367791283354472
262,-0.101161211779657,-0.220973441516592,-0.310720404534752,-0.105492534835009,-0.197944914593292,0.093364967371715,-0.31477758336507,-0.238649205104401,-0.068719152650064,-0.996037566679355
263,0.431275950747614,0.693499535915586,0.378317250773501,0.761907779271478,-0.384645848527613,0.397572847733136,0.361385190854767,0.826506722812478,0.198700943514936,-0.148657087469117
264,-0.666266612199722,-0.033260820241182,-0.097647761713335,-0.30492242347121,-0.512287341569325,-0.353230256821403,-0.105697566193807,-0.251296530473935,-0.36418832883795,-0.835891983868069
265,-0.199646691594135,0.143756194840137,0.978643016464087,-0.267561058375669,1.80949586892049,0.121550294262638,0.991647826144171,0.583775250260868,-0.491652455890818,0.452061635351555
266,1.21566677872625,1.30977198141097,1.2478482771486,1.62858262997805,1.85058360363298,1.3320813700757,1.29855584464488,1.28943658891608,0.960366282807357,-0.162298333316658
267,0.767815824917604,1.15807015459334,0.467438266927161,0.957129980188181,-0.404085451262508,1.48087068187225,0.454076702756501,0.7150647904398,1.11043304159983,-0.332561953646472
268,-0.925256403384794,-0.901589896664568,-0.034084583132259,-0.925556362097145,-0.345809423285286,-1.21819901210816,-0.043298496727435,-0.700187309297977,-1.08903804463782,0.084718635167042
269,-0.410646955839627,-0.63046777302649,0.703657414944211,-0.528619062834515,1.11585592397879,-0.058309396970409,0.684287847320247,0.091511550587845,-0.344636943042589,0.579754876027962
270,-0.557020560306914,-0.570372258274255,0.688506019373771,-0.532717931044025,1.71482857307678,-0.284608736531671,0.675521402875546,-0.182529442787166,-0.333868823397022,0.46614620792123
271,-0.110564186183361,0.026128865632,0.380808579959167,-0.114053002953988,-0.277980035763083,-0.009268049471629,0.371642311453235,-0.126626274331848,-0.301714968581519,-0.03353257240254
272,0.463101953176184,0.341317968519814,0.279370340886649,0.542709012987637,-0.40805732800588,0.189817244018935,0.264269225262599,0.494421501387655,0.212535745424872,-0.150646550554472
273,1.0404961177846,0.741036164406038,0.675445968945426,0.970260867726613,-0.208476871841452,0.952730296023197,0.662175093822253,0.813181809888432,0.646212727471,1.62802431596292
274,1.15028377718556,1.03094253093265,0.924933159093477,1.30332111462687,-0.617346222039836,0.912947179119737,0.943865312113186,0.985675405353089,0.599663217781102,1.55346006559846
275,0.169147460545016,0.357268078591306,0.786527251902645,0.209793858767366,1.2675519367928,0.53661601563621,0.816420430094659,0.962663770996394,0.007245551393575,-0.142893840081369
276,1.24970573694255,1.27120289530727,1.04961389953208,1.3533055428809,-0.203658748723609,1.11995576029982,1.09393358350366,1.24235815686186,1.05791096238248,1.64758851696146
277,0.077727930666232,0.023462400977796,-0.567869003334502,0.117514914298378,-0.42835520905422,-0.267305997551644,-0.567095138124029,-0.328575171545248,0.103223444476243,0.449641236663628
278,-1.56391663669107,-1.55125534981725,-1.7048453606024,-1.40722778646966,-0.430573096471673,-1.18683164196843,-1.68287099669506,-1.88247514887899,-1.02651451634099,-1.06884227806591
279,1.09983554303385,1.315191449126,0.626321071525683,1.40825939542435,-0.346088831645893,1.08595790107441,0.648150051371287,1.01353405910621,1.25965080278556,-0.175135533183681
280,1.00092178767878,0.95283621030111,0.259295713145636,1.16588207351327,-0.322201422137118,1.06063641310741,0.262334517914095,0.696288444166814,1.35431146321776,0.071595062759013
281,-0.128306007463731,-0.148676011429909,-2.09092367319503,-0.255844824467067,-0.347373575351844,-0.176031359847829,-2.06172316952333,-0.865888931025072,1.04370440242959,-1.14872782588705
282,0.093578897540375,0.167308163068794,-1.7473373797682,0.056394622855672,-0.424304456266466,-0.046114595034053,-1.72455125344978,-0.647552073907942,0.832415911670625,-1.20141348947686
283,-0.567744150374777,-0.537184779332691,0.373752861430588,-0.731821361150265,-0.322903285243908,-0.215505363978546,0.356914748219164,-0.380945518496045,-0.958404326519769,0.211216821201174
284,-1.23117994475897,-1.23588776146577,-0.691406932220052,-1.2342773119303,-0.17152812413586,-1.26157329210669,-0.688339441673166,-1.16741246583893,-0.930711568219714,-0.114142312322569
285,0.763731102212925,0.844863322082329,-0.145360144053499,0.816317534264985,-0.32576421295539,0.681377769834986,-0.152503211596368,0.507943983037099,0.782067780870544,-0.775931356303854
286,-1.53016756971813,-1.55773491301347,-1.4596757125018,-1.41063746444926,-0.624193732197881,-1.5405506000225,-1.44225366391747,-1.52384400812091,-1.63634049274685,-0.370960656380415
287,-0.041344599298551,-0.012545689154776,-1.87436774075989,-0.128562270952256,-0.578516481208049,-0.131344865823836,-1.84921459719841,-0.717570430188896,0.81794564791564,-1.16979135235268
288,1.35756198102258,1.61043615361144,1.24375929741176,1.85380274248118,1.91749187938265,1.15098825826907,1.39041479805648,1.43579403721868,0.961343916415126,0.421176081445834
289,-0.472362773503517,-0.324370611484955,-1.50110720254636,-0.471271181071358,-0.2250288092227,-0.261329817278657,-1.4829078914472,-0.706472921709704,0.304572231436222,-1.16204690262595
290,-0.92533633224613,-0.892138280065744,0.205254440424638,-0.819058334989855,-0.330182608322891,-0.532518695528357,0.196747938799776,-0.42751027186423,-0.436395575291731,0.168910785431773
291,-0.090587935689829,-0.217655234487477,0.283754166004179,-0.049523033531688,-0.56733346237321,-0.305598099904235,0.268593771934217,-0.304919609490959,-0.741246175034165,0.879406566832158
292,0.40344400544967,0.292856460808535,0.536342946707229,0.312628295705094,-0.15626360422478,0.032916752455329,0.516455156488832,0.222969390051374,0.110277842772299,1.03941171695507
293,-0.953282802479719,-0.809174991362248,-0.006243408076665,-0.949351561614306,-0.118905770594087,-1.21584733062142,-0.005625621505235,-0.572506691169644,-0.897522193595982,0.188872879047386
294,0.470130921101408,0.743624203629234,-0.657533997787418,0.667778903132712,-0.256430833061497,0.636486715887857,-0.655114807526832,0.156470684026579,0.995613833447445,-0.575390723717957
295,-0.916990327560986,-0.69449808095506,-1.93606127964016,-1.02106361869575,-0.44610365592228,-0.815058376624137,-1.90975983642674,-1.31281573037146,-0.498888230948317,-1.42630267200358
296,-1.46887286978635,-1.62791215213779,-1.18758142421116,-1.41060119127926,-0.426197481331634,-1.13615533034324,-1.17525294904392,-1.7401334678541,-0.924100964127184,-0.295614388692434
297,-0.498476844766782,-0.558297446224542,-0.892877752154826,-0.418094713857704,-0.308597309804384,-0.534773400458937,-0.886033230350768,-0.851178110079161,-0.270504015653507,0.00965460964688
298,0.051972942794935,0.073838570935705,-0.8551581140346,0.041341257307468,-0.391212613442943,0.16003028869278,-0.849040674351937,-0.177212648865907,0.656454725872385,-0.723467356075111
299,-0.048515530425253,0.191920226778635,1.13782752331262,0.154586094033954,2.15609057675612,0.078465428673877,1.1529627733671,0.665091610690493,-0.440900408047527,0.746597170567392
300,-0.948427422395595,-1.03742544749213,-0.543641398409677,-0.846807310036543,-0.686646179881025,-0.849324436637651,-0.543352155811064,-0.516836214768684,-0.948775921843259,-0.914644432644747
301,0.036967790289255,0.14725288733292,-1.74298098212794,0.227676531575232,-0.530313859915884,0.032192458801554,-1.72027745320042,-0.557542689560816,0.542539828807182,-1.12992361355502
302,0.211836630306766,0.394409280985654,1.08470735670338,-0.001279717437446,1.5065169398639,0.257296259256479,1.10401467744992,0.69584940255482,-0.325439306250039,0.582421720316082
303,-0.480009698893993,-0.669969851326639,0.592873262990787,-0.55295835990161,1.60706250633723,-0.341229407997355,0.57342277294813,-0.220257751977932,-0.578917832624256,0.527708043491166
304,0.998403432062665,0.93286206432145,0.801008959902994,1.0407759101982,-0.28901867133024,0.631474240141651,0.812866594711053,0.960205137969221,0.784206997567542,1.38145342778348
305,0.892211378453729,0.597271532071253,0.607690957587734,1.017270896041,1.54707259549734,0.731296452115221,0.593811733915121,0.729895616092988,0.806046817821089,-0.242160475689734
306,0.19141659568761,0.122800378810298,0.656166738045341,0.350932763220523,-0.583642087210772,-0.096965161408579,0.637290317008531,0.179603786562593,-0.619707022188378,0.978345526167641
307,-0.552316687168904,-0.611029083437836,0.827636469089241,-0.716804268772057,1.21689346306792,-0.3519998667652,0.81407182223963,-0.125389640458062,-0.516371149847241,0.45042050040502
308,1.01483776032775,1.13061043644042,0.611309098964716,1.03983280777831,-0.314303122642052,0.808307959770959,0.632653362674901,0.944286952590324,0.804426004208209,-0.307106463691367
309,0.237679897815955,0.285936092603559,0.715499228256996,0.226733429155344,-0.606582984186962,-0.082620207391247,0.705339683427955,0.187800693458538,-0.499613737994081,0.931666801983647
310,0.196435412398645,0.21090999838291,-0.215096790644192,0.155130191583889,-0.349210451368469,0.3556698839225,-0.220945862788275,0.190329573143629,0.149446218723544,-0.730952969082084
311,0.567512905442221,0.203494738665034,0.181801661732786,0.501829150402515,-0.301995785954242,0.377762355621317,0.171216145102293,0.334759628769569,0.437395334291674,-0.429143846682905
312,-0.250863197189135,-0.168531167100457,-1.51655344349749,-0.344750364126457,-0.632382135110419,-0.25298680293204,-1.49807155674754,-0.729862131852715,0.147842127790797,-0.063717339657433
313,0.102142022416013,0.033728019463958,-0.652464485738054,0.015696126120529,-0.472549857786091,0.036042731132604,-0.650128971540193,-0.153678554990937,0.321161130128042,-0.846548346692046
314,0.730441327950639,0.407127722434658,-0.313390012322695,0.78301876420896,-0.273435973477415,-0.133905653009776,-0.317391024111248,0.094846803366966,0.496912639244616,0.900894144945054
315,0.483024520106131,0.52083918874291,-0.437346210236663,0.498383199252927,-0.280191238769996,0.710432855213917,-0.439053985643996,0.41745165291678,0.980412917206655,-0.773630738438368
316,-0.600643824075021,-0.214196402547592,0.128096375608387,-0.302854852781457,-0.584977632436832,-0.360244389296973,0.115820081907231,-0.146065573438945,-0.240529254695318,-0.768239224637502
317,-0.619615595445497,-0.294360714661737,-1.22090580909833,-0.448926908354025,-0.462051322590635,-0.417830280548128,-1.20794950323365,-0.742740685804567,-0.272833613632019,-0.866466382993658
318,-0.098234861080307,-0.100906810971648,-1.6855958428027,-0.365933895403929,-0.700342537079223,-0.255644566674133,-1.6639505103221,-0.816326986919002,0.443099054576997,-0.256227149975596
319,0.43082620178159,0.46869979874997,0.134269843618005,0.35053375835057,-0.336995359546123,0.260675286134968,0.121908066752239,0.407994696594408,0.196254286775495,0.029225694600735
320,-0.957378261897116,-0.93565628129844,0.092525223207909,-0.924613259677258,-0.166898501395269,-0.783725857434279,0.080939845734799,-0.540706907212849,-1.0082932267962,0.182485945308312
321,0.223197265329154,0.057001442196283,0.815947792524566,2.61166823985937E-05,1.50506775965864,0.023572152114683,0.819688816853076,0.365875971283692,-0.316758948901062,0.694689393927911
322,1.04372906128041,1.23247966266677,0.475255097950077,1.06478874873533,-0.410297942419173,1.03679381762175,0.457511601212945,0.808293813274888,0.664590952937038,-0.296916833037588
323,0.879274832598138,0.682003449460193,0.308516606735836,0.725054238555876,-0.384760820388916,0.348367852295848,0.292894964891996,0.542590220111661,0.5032029396946,1.42877649018474
324,1.02153627609492,0.765588732961322,0.541225037661892,0.835252129002725,-0.637042506139498,0.318444523687601,0.529400251641165,0.59482592763478,0.460641146036391,1.59324932730555
325,-1.08617706061518,-1.31026752196192,-0.45625974143977,-1.03785809640374,-0.336234673626575,-1.27486211081716,-0.457595459675734,-0.957250563537142,-0.988964381282608,-0.053502926764527
326,-0.706946823715362,-0.571005070372717,0.39795303887814,-0.754274453377586,-0.519878158179512,-1.21097425867469,0.391024273103585,-0.192494223907411,-1.10280595582723,0.2681567691742
327,-0.570981865742913,-0.310575848603524,0.643364963027987,-0.475515141960852,-0.422931478341375,-0.588093838498006,0.621490735604306,0.02493967096105,-0.933958340885514,0.199982206130935
328,-0.784174805318779,-0.770359811664704,-0.228216267273296,-0.724058902771192,-0.378851801470806,-0.54589691450153,-0.233816424132919,-0.331519677289693,-0.570667119518694,-0.761893594630305
329,0.699643664006717,0.737025650123905,0.80864294107742,0.583262417042797,1.65172239004275,0.610128790976958,0.8164061576634,0.779040470667664,0.353904137828227,-0.353184906972099
330,-0.466465932285867,-0.173009529643419,-0.133945742261557,-0.317618032969695,-0.583114018778044,-0.105712749825401,-0.141318382966036,-0.31092716221509,-0.290396286851578,-0.158239553264321
331,-0.770780159720608,-0.675210833578004,-0.197282644155127,-0.714736698082304,-0.391291489487325,-0.447946047009993,-0.203460548669737,-0.558556875684524,-0.682343750166109,-0.870072198786422
332,-1.04767520881296,-1.1880779961294,-0.658489388245774,-1.03974430124352,-0.287306125349675,-0.805371327819574,-0.656039343907307,-1.14031774449068,-0.974128791284719,-0.054213350952793
333,-0.158242348454153,0.033546829675082,1.10352260611293,-0.171654796907114,1.98994687899912,-0.363287028746304,1.13764052549722,0.819768897540395,-0.625116166031362,0.53093799532386
334,0.665922035299602,0.824332085110006,0.452433151235512,0.862311913819497,-0.38811773136253,0.421263917349803,0.438979642135381,0.486407528496707,0.334087761870761,-0.608099148990466
335,-0.317960493860268,-0.348625704267459,0.579792641954487,-0.441418362164921,1.28250228940846,-0.047238916981964,0.561816114682796,0.199217238842447,-0.479525940074457,-0.3244664221988
336,0.33511795165651,0.275989584491835,-1.27546591826441,0.07166562742385,-0.343555440050912,0.056103240928257,-1.26147112045664,-0.510579871797755,0.896000686975888,-0.881235220721409
337,1.42158977082481,1.03274902017099,1.10179010379849,1.19250658029009,1.44441341841099,1.17660370642192,1.10162008064972,1.36682352691835,0.760119906376139,1.87954889838534
338,-0.921126347893089,-0.675267624407353,0.317526533020144,-0.722970707671321,-0.565088837313593,-0.716608989023621,0.301750215575645,-0.472251539070597,-0.425157934242434,0.213631712724851
339,-0.626185270660061,-0.460449551581153,-1.45472505285396,-0.51106284855661,-0.367236969715029,-0.352405956094095,-1.43739627981217,-1.09586039086007,0.009616312892413,-1.26322727781123
340,0.608205046638657,0.412498512295964,0.760672283326265,0.519240272000438,1.67504162465555,0.297733967913979,0.743983083975798,0.454035526972279,0.375698935481416,0.020623504042052
341,-0.68339047601484,-0.984499098863921,0.577143604774499,-0.790620169713249,1.95994724449179,-0.545763571736819,0.559882993159987,-0.600960978043037,-0.674612726504676,0.345316270691531
342,-1.17375523327754,-1.14540374436132,-2.075737993278,-1.04779694498256,-0.540329780670292,-1.06991731197273,-2.04682275128845,-1.39388915444244,-0.855477516661882,-1.10942870179821
343,1.0205234461953,0.692728803231562,0.744094658937608,0.914799190803233,-0.645034387382137,0.834735586581595,0.727027435639558,0.472005500151233,0.730560639701253,1.4421671600589
344,-0.11434708796389,-0.332667481220346,-0.435085728984716,-0.23738178093927,-0.54402625969938,0.09632123707572,-0.436810042284869,-0.228318555974159,-0.067547278680752,-1.05290867509925
345,-0.423217260494768,-0.429298429520538,0.025531324344554,-0.47050944450145,-0.298232462819745,-0.194746319926846,0.01519151239954,-0.163581870285504,-0.605117126952444,-0.458782027885973
346,-1.46332437524796,-1.41882454442544,-1.76144424557914,-1.48343771663057,-0.357366769110412,-1.56616453291666,-1.73839551177146,-1.58820458149529,-1.71224216514999,-0.793978333551489
347,0.733102839736309,0.729759128292419,0.436134372865802,0.616778826118798,-0.313432812389634,0.490624883880211,0.431296316640703,0.621468436122675,0.344053192869949,-0.441864019309613
348,1.00785770409379,0.579533863037866,0.406240708260916,0.646958103555196,1.41463838009784,0.461066732616231,0.390167927228018,0.657799129515257,0.479057962302737,-0.296512056465204
349,0.118341335969413,0.112729471739048,-1.76134139253937,-0.050611228631558,-0.544229465779822,-0.21975869512111,-1.73828608979847,-0.58244073937705,0.955018884244865,-1.10791836200261
350,0.325423893041375,0.211875442481846,0.653629696397552,0.371644743288051,-0.580802549613019,0.27775376682889,0.631560728770705,0.34864212454085,-0.229036914363997,0.974829201793941
351,0.645511544425082,0.580785965608755,-0.275672659825575,0.535019100948555,-0.4781313405877,0.570035046042069,-0.279982981780195,0.347222556662066,1.02870029927036,-0.717705485478426
352,0.496905896680793,0.283826718942019,0.731308883281997,0.516664876930745,-0.247611421793902,0.557729630221349,0.713257711125566,0.101480722124211,0.639486350977548,1.08915517804425
353,0.635589628906738,0.691668707750378,-0.211460364282363,0.640029928086023,-0.361442922658222,0.236506910030981,-0.217347624285194,-0.011588591156931,0.646743994155221,0.98218815002316
354,0.854588744126201,1.17062633652992,1.20501570013999,0.813778412365288,1.43423038739306,0.846986453089477,1.24329299080824,1.22658339174288,0.482612175010981,-0.217339686414455
355,0.381930019101487,0.062553421846465,0.542207855597521,0.182516434930621,-0.632819295559791,0.101462509810567,0.522219632891959,0.234033238673647,-0.453042360184011,0.971003099431172
356,0.382129244770785,0.272866088877632,-1.545857417341,0.266887828340553,-0.473732998451822,0.164533637519178,-1.52685270729509,-0.493600669189871,0.811488120664327,-0.156617693392662
357,0.285523882649818,0.0549515636893,0.052766809277028,0.265509447880717,-0.35834001928516,0.059115575203789,0.041917432845732,0.384096198181483,0.025128528255678,-0.433179221287178
358,-0.287864295147172,-0.049489475809005,0.875801404804415,-0.518861580105679,1.34508842530242,-0.349013291887397,0.877630130289409,0.319447320815226,-0.409778213960222,0.392138181146028
359,-0.398144650365025,-0.282794315750959,0.017191085630338,-0.508487453486917,-0.361692919612449,-0.35535464950465,0.007018166764954,-0.005787387990437,-0.389222180996878,-0.613738485182586
360,1.32905720172772,0.950432065191996,0.946500298722784,1.37728210824804,1.38084467416752,1.07261301779242,0.948304038234879,1.08272555368457,0.616667610756224,1.61697969805931
361,0.453510489815899,0.341131370080524,0.652749731501697,0.27352581844976,-0.505705870950806,0.099874518703547,0.630683767161095,0.403901365298575,-0.448345859786691,1.0441134584336
362,-0.85612271020172,-0.989091043065581,0.2877608633092,-0.905424752749548,-0.479515013569655,-0.566054400853337,0.277710683857623,-0.413556065962991,-0.737837321007078,0.241405718829255
363,0.561891639850969,0.826403598218647,0.189396787314408,0.561824973575356,-0.429522307134652,1.02271403387515,0.175981551317257,0.281385339999343,0.68618250570861,-0.722370053598276
364,-0.250068680448094,0.08888002773761,1.12107390594479,-0.107995383564711,2.34505217833535,0.213864399427728,1.11852656838941,0.552083763235032,-0.055003982221079,0.652817047343206
365,0.371433092968755,0.270859479573962,0.345664839079533,0.191802366449513,-0.450099596543599,0.473141829116085,0.329361026759923,0.195805885517246,0.579547119941253,1.09135529016217
366,-0.871033618229109,-0.774007946369085,0.121966334437785,-0.97688289764102,-0.451975242141361,-0.816079660981132,0.109836761558124,-0.525325816072626,-0.620568883395227,0.055214002697039
367,-0.863488095125401,-0.976050786916932,-0.940219863551798,-0.846698490526556,-0.430551706357942,-0.668998045728112,-0.932504266531581,-1.05855063467274,-0.621722748324396,-0.39208889202599
368,0.482685717171514,0.635797348971637,-0.628115742788604,0.708622492547837,-0.378278279046402,0.49878606718404,-0.62623057830907,0.123287918992,0.724600933773895,-0.171170374923596
369,1.09167802730528,0.777777126669734,0.683121091335762,1.07483641682413,-0.132418974943466,0.936330651222353,0.676915343661887,0.853431681404089,0.886558804500861,1.65187584433018
370,-0.812542393284481,-0.980777947378948,0.156680378173469,-0.820073983749734,-0.346665027834515,-0.301011411849893,0.143900297497376,-0.492372816148325,-0.514563814032879,0.136191345830764
371,-0.984205728072005,-1.15067988284038,0.004633872285339,-0.977717180550921,-0.363071245065972,-1.00619007725139,-0.005300527237658,-0.595824191182696,-0.617180611128303,-0.17742651351173
372,-0.62121775157645,-0.615312734565887,-0.096856936118619,-0.586837500677567,-0.232282731541629,-0.415454354922357,-0.104891966740495,-0.654927972989456,-0.647839715611929,-0.76696982327785
373,0.628924516245803,0.687006451093333,-0.316009336402304,0.683920463780785,-0.274072329360904,0.119412264251183,-0.319939446003909,-0.040484846586398,0.592682142005629,0.912920414876247
374,0.743107070052151,0.580261326518577,0.568147392228828,0.669483742122508,-0.47975966299545,0.825994059199532,0.549906563709622,0.523169946141084,0.385847029602055,1.38142451517116
375,-0.845432523240086,-0.900556844435454,-0.317236716010287,-0.846807310036543,-0.518892876065791,-0.673992338370039,-0.321170046743615,-0.639988850405308,-0.711863139680679,-0.890224289568664
376,0.264026597854749,0.368831773176877,1.10520253909592,0.071375442063884,1.9591945798649,-0.133554112993719,1.16453454346713,0.729626337237631,-0.498628386226251,0.847207554252785
377,-0.339240658464842,0.11611528689834,0.255117594107656,-0.077235735408381,-0.636648125917589,-0.153060038108866,0.24046122409612,-0.127780953771395,-0.322355901305537,-0.513371793515261
378,0.779063127972427,0.784475740207727,-0.105028038722982,0.788822471408267,-0.291466502470299,0.83177325584283,-0.110261572545444,0.525136852562822,1.26155461560069,-0.612996394799883
379,0.547883808659865,0.67055333653332,-0.505281785819738,0.789003837258245,-0.349576757066108,0.639027804710828,-0.503034123328777,0.196081018260763,1.22092750739786,-0.667013415347159
380,-1.15552548805259,-1.23146348542695,-1.23888452045103,-1.13764558706184,-0.501094964559729,-1.02228667031425,-1.22557912749048,-1.28627273798228,-0.995167209251897,-0.92490703322484
381,-0.962953001733261,-1.00368899053352,-0.939447322941931,-0.962192263792774,-0.554484688431592,-1.05123568758489,-0.931728797766483,-1.01374790164069,-1.0495326423639,-0.42859175346683
382,-0.319976609914854,-0.202957226986874,-0.654384409147191,-0.257295751266894,-0.542999534240306,-0.190123265663946,-0.652027204897702,-0.452389296543944,-0.233693537601,0.1108996940121
383,0.968539862125098,0.767827914232803,0.52632734625623,0.857088577340119,-0.639267077967493,0.349967965472387,0.50663255213093,0.528388687435664,0.401455721966087,1.46793931195838
384,0.766082442297889,0.575466557926384,0.532509956758273,0.597590319191088,1.59825512700861,0.586504392742647,0.512698335416202,0.640490645698375,0.466784801445211,-0.296940238485651
385,1.14525780266605,1.02678598308933,0.833707084059084,1.14850722508534,-0.265964139374855,0.887496894164091,0.829706477771524,1.10169800521092,0.776378210545333,1.44709882564488
386,0.484160225717946,0.465689884794466,-0.718905263809729,0.602922475180452,-0.288716535973793,0.471582627924173,-0.715338124138984,0.153537886058452,0.79022458969536,-0.720694498875178
387,-0.768067350307512,-0.947628328990283,-0.614559712146232,-0.852284558705889,-0.492829022484917,-0.996871236308472,-0.612895370035645,-0.855246562350315,-0.690689653912428,0.079182558304612
388,-0.106196730043806,0.066185330599604,1.07735679279412,-0.137920748811139,1.91855470065865,0.143126062748197,1.09362593331873,0.789957972085938,-0.358824207595325,0.460352671130107
389,-0.265706106035983,-0.221982154818841,-0.331133304495471,-0.29897362359192,-0.396998639207101,-0.107662887759308,-0.334812905201965,-0.289784381653453,-0.176866011429431,-0.711504418532794
390,0.713280482125052,0.919878599002149,0.5564015750865,0.726505165355703,-0.504080222307272,0.672945355225665,0.549231001963341,0.735576814552203,0.844957921770288,-0.627805159468449
391,0.501892503253678,0.704289793491926,0.37178036869001,0.228800999845097,-0.406737825365117,0.914277576249473,0.354975283393573,0.422925038346317,0.464335571985748,-0.315624669995236
392,1.04183939984227,0.714787983945899,0.392094986857166,0.885018918236787,-0.406538629931,0.995065108560456,0.386726685468791,0.529199450945815,0.970962030211554,1.57938366451482
393,0.856905488136855,0.955310667865609,0.255286730217509,1.15347664937475,-0.396776716777145,1.02410201083511,0.263389092001599,0.713626197424496,1.27964469642444,-0.376334271897467
394,-0.890808257117181,-1.02132119088383,0.136800028396475,-0.941081278855293,-0.557598286861519,-0.297523286345731,0.124385126488604,-0.600091675651287,-0.516376295287282,0.114692753389368
395,0.909368645375075,0.65440581072171,0.559194606522173,0.833728655862907,1.56057510478985,0.875965775533913,0.549040702879881,0.799791040722585,0.826789372985915,-0.091246276952706
396,-0.947656765016149,-0.907255457973447,-0.352314173819844,-0.99708705332861,-0.434491497930718,-0.454273767299037,-0.355601494244221,-0.823780450018636,-0.330879322733267,0.060692254334843
397,-0.86576069931711,-0.773553619734292,-0.512867768908936,-0.66264842596852,-0.646031701434831,-0.707976560267231,-0.513153277091737,-0.443871889271243,-0.637187368367283,-0.810344248911775
398,-0.48782244684754,-0.222414846851977,-2.07625911534619,-0.66910505022775,-0.338252028727803,-0.430346317326745,-2.04729215569432,-1.1432871292598,0.113649392359091,-1.22860373617075
399,-0.283811782580642,-0.246385985487735,-0.346684684109481,-0.179888806496131,-0.309829915108116,-0.050642187999489,-0.350070134218331,-0.353874212700437,-0.106338751149,-0.969159851556658
400,-1.80413746107921,-1.58653327214391,-1.95539079424858,-1.50512907228798,-0.395854268122508,-1.66613675550053,-1.92873424087335,-1.69868647620974,-1.16506320760194,-0.505877919761914
401,-0.83900600419508,-1.26819363038982,0.635159576077032,-0.563840310900312,1.48618697364497,-0.968398010266465,0.618859850775479,-0.294697257291676,-1.59978728669639,0.426468466290197
402,0.736060207605731,1.05728265844983,1.09756398667528,0.999098037873173,1.36087967676412,0.794544865090552,1.13863959568538,1.2807479554147,0.45245475093134,0.344070274779942
403,1.39973698154201,1.20257253020142,1.01787573708056,1.39258938598622,1.49877772933971,1.35091603559122,1.01672290204135,1.13314509240607,0.752899567638764,1.98530021989822
404,0.628001158952163,0.756810493339067,0.36763196275241,0.546481422667187,-0.34601797689416,0.08847219706201,0.36534499761642,0.58882276532677,0.133131314713901,-0.406024771160912
405,-0.192781160295821,0.305764205022036,0.292265826451354,0.144538425945153,-0.666506050921449,-0.128182520938005,0.276927285964047,0.084877631830602,-0.256018315578399,-0.648630501080267
406,0.268190056452682,0.448487672152086,0.20401791832423,0.323111241833843,-0.332883110181394,0.144010973823103,0.190342788815668,0.280955079219588,0.127602539389968,-0.777455464010074
407,0.5923373782114,0.354415015497812,-0.316496174123906,0.577531256183482,-0.35745634021166,0.525307640033448,-0.320454839354946,0.456599529986329,0.727105476713797,-0.699542857781539
408,-0.284290162780577,-0.357247093027702,0.696683978847452,-0.287765214063257,1.56486917012129,-0.280582694192592,0.682548196532288,0.283937635237074,-0.374863830562781,0.608685386624891
409,0.285953351158486,0.214890765087765,-0.939081623244953,0.127925314087136,-0.344976545731896,0.296950579171297,-0.931395774370429,-0.131082546693597,0.718154983762673,-0.73417328337734
410,0.656047838504442,0.344665923126207,-0.059928123593109,0.567302222244702,-0.373540368855048,-0.023103876569153,-0.068659021249806,0.117548181651186,0.211393457735795,1.02538496961002
411,-1.26278644106088,-1.24238625493844,-0.632785270794399,-1.10518109991571,-0.415125423711773,-1.28531436526012,-0.630796170486403,-1.04130068973746,-1.10394567079628,-0.091432143746148
412,1.09575082032917,1.10967084636182,0.350855489153522,1.31641572899531,-0.575861433341224,0.936565516319287,0.346705202391562,0.925757933092098,1.40653896599278,-0.174240618993037
413,-0.753282896896565,-0.769053622589673,-0.077975403638998,-0.751952970497863,-0.475175494246537,-0.466870112788217,-0.086398067479623,-0.563642441023466,-0.993630009039683,-0.394415668921664
414,-0.548025580986447,-0.46563374300317,0.467385697595721,-0.527458321394653,-0.458239871700243,-0.671602775416059,0.456258798913504,-0.2109047021704,-0.481804083652561,0.282924230110889
415,1.2877136999598,1.45434520698268,0.784042779586298,1.51319767622182,-0.403045356982352,1.08161365441046,0.804165169119867,1.15929880123261,1.1834944311004,0.167612471459808
416,-0.703367919476449,-0.883411422622424,0.510243416458495,-0.871364246123613,1.29673607321414,-0.69330885614895,0.490815526644055,-0.316579091233505,-0.592752634534191,0.539575982450169
417,0.661734717340074,0.361027090629179,0.346071679992422,0.45209863433845,1.52897789616326,0.310619727812931,0.331960195074841,0.551103236968243,0.169477416802717,-0.142417470373734
418,0.812011713363935,0.560192529156668,0.22518278828686,0.641698493905824,-0.36149506106044,0.482590982306333,0.211120277078055,0.552612076641466,0.535076368027876,1.49847516093422
419,0.357593470276881,0.266867895568278,0.073540837688513,0.2421857995735,-0.420863321720037,0.241331493699639,0.062307979638417,0.43043704032755,0.348451257744897,-0.495181629997124
420,1.11012369975264,1.01752907790542,1.12905301620824,0.550326378686728,1.40121608373181,0.862567858197771,1.1558854501239,0.954560526311007,0.580861779871701,0.109284718095753
421,-1.0989358542269,-1.39732515902897,-0.853944448165252,-1.15502043548976,-0.323122533909647,-0.753664640285251,-0.847854476731706,-1.06265274680081,-0.541185034444419,0.019761632836909
422,-0.533436774340559,-0.679167261355995,0.613311304805673,-0.668814864867784,1.22888128493188,-0.353363599586115,0.595572000437121,-0.177075082494148,-0.453397395546833,0.513781801893682
423,-0.123747676431434,0.01583349956856,1.12215272005088,0.064338447084724,2.14046777244005,-0.246743937129631,1.15854646564094,0.753719477431874,-0.667670241529509,0.730579583345926
424,0.319209722314541,0.240692731888731,0.480226328205878,0.229345097395033,-0.609470649540609,0.057268474860795,0.461406389121083,0.288960271278296,0.062099801309462,1.05371932967687
425,-0.483036258912033,-0.356365483010186,-0.150553079750593,-0.326142227918678,-0.466135497431093,-0.153641897445789,-0.157601641207388,-0.505248443156097,-0.510151599197819,-0.35957597108436
426,0.110158767911179,0.22813114130174,0.888724317846393,-0.030951170493905,1.60252913910843,0.060064127143668,0.878664088642872,0.507146390775308,-0.227747981633754,0.770645580056591
427,0.374392846774336,0.641054557174245,0.171189513651091,0.218535692736323,-0.39543582402265,0.735324009712989,0.158128325637365,0.208659560444419,0.48452627870619,-0.90296511406131
428,0.135974597154535,0.024776703028448,-1.57108155394009,0.087299363691984,-0.426063793120817,-0.012428879098772,-1.55158207319065,-0.539601985822662,1.00798089858572,-1.0555342156555
429,0.022759540460772,0.08942089277903,-2.00606991538049,-0.114016729783992,-0.493477410307378,-0.139925775784769,-1.9784657346841,-0.691333303456079,0.936704976779337,-1.14949194492675
430,1.22542883652193,1.25236456591459,1.08109835781883,1.37891440089785,-0.176967897434002,0.987534272871628,1.14500351420141,1.22526187649078,1.03327459546671,1.74605523696249
431,-1.07327153192966,-0.921101603033813,-0.1619171978342,-1.04522154991287,-0.304978369937569,-0.389331295108393,-0.168759510800897,-0.945907191755232,-0.655716097954517,0.014513305306547
432,0.598638635608044,0.339038222370227,0.588416297933861,0.514887491600957,1.56027163255129,0.324719209922499,0.573587698820462,0.428358910030774,0.127769766191296,-0.00517343009656
433,0.590095791189759,0.539747830590972,0.013666654800708,0.649025674244949,-0.191363443974773,0.32979684179237,0.006244283825552,0.314590057114521,0.662082550917106,0.495089109637721
434,-0.402200741835793,-0.547728943315185,0.157583199300384,-0.439278245135176,-0.298831386004205,-0.414689149283955,0.14477884493268,-0.270503137526675,-0.923937596405886,0.483005014481902
435,0.012359244742492,0.226427416421265,1.10198438176251,0.12680084581727,2.25716020101585,0.306842187898997,1.0893410322895,0.605398049651619,-0.390109769403929,0.710618866521375
436,1.01720460899775,1.09825859398785,0.181863373556651,1.13345385953714,-0.372624604610952,0.80109381314832,0.185315721360947,0.830696643262951,1.06183050133362,-0.638692823190931
437,-0.89716677698165,-0.884747359274732,0.180727418872911,-0.819058334989855,-0.316573148461724,-0.409220580672088,0.167492626369268,-0.518441643596545,-0.942291381031731,0.157896456931538
438,-1.38455985075797,-1.25674351746295,-1.41743054063147,-1.31418710543077,-0.40731936908217,-1.05519051276554,-1.40083189675112,-1.64179839107152,-1.13743348094239,-0.991629081697137
439,-0.438032731075786,-0.262400999364197,-0.781828467921092,-0.316602384209816,-0.481837177791546,-0.26112980313159,-0.777061631859074,-0.49451241227078,-0.004579956180395,0.081998096027484
440,-0.395523699494062,-0.351216447815863,0.100118063166425,-0.424406245436952,-0.695946868707561,-0.376662217202095,0.088375782420979,-0.12384128703976,-0.432989293984664,-0.63149082914284
441,-1.01804426765092,-0.753560543478182,-1.86599550332219,-1.05508785215169,-0.40875116982002,-0.774178212429186,-1.84099209096726,-1.42687874116775,-0.28733732274727,-1.55191145101132
442,0.370824679248141,0.519295019049655,1.15256064985464,0.432148390840831,2.09481191156395,0.29401703834764,1.19281140144352,0.91154615611182,-0.208880939363831,0.938722856179109
443,0.801412191976356,0.689624237893809,0.042856347488911,0.695926883049352,-0.420348622108392,0.373751465869138,0.032201078809428,0.306687308098612,0.578798458415305,1.27413256445932
444,-0.339408866964071,0.359994038400065,0.400976918247531,-0.133241509881698,-0.509102888387665,-0.21944352131361,0.38360102302297,0.178838390685682,-0.180959208981956,-0.724281039593067
445,0.20586105319586,0.599937996725455,0.349580111460309,0.247844414092825,-0.311974274009621,0.062020326112337,0.333165422603418,0.519812741281363,-0.079873180298696,-0.849194539114227
446,-0.616680893969589,-0.608024578132746,0.390981888404487,-0.55756505249106,-0.251612709943654,-0.40804625518741,0.37383392256441,-0.168074729448252,-1.19133196537068,0.252282368223237
447,0.099925487724047,0.172908820572703,1.00123640086804,0.002674058092083,1.32903781871173,-0.020605214989501,1.07221728642954,0.81500968646637,-0.517024620732433,-0.027847802105356
448,0.965843754265118,0.546811528031924,0.697936500309603,0.871452752658406,1.5970586175218,0.574809626173959,0.675045655166897,0.966801006453426,0.725146350418229,0.165737282032643
449,1.3814523597854,1.01035991178139,1.08047209708775,1.27571723226016,1.18503957307657,0.916009516932035,1.14257878671299,1.37533800724697,0.478883017341347,1.66008427264498
450,0.241478308181519,0.115942210085086,0.424265132075743,0.195103224919119,-0.617417076791569,0.050775591374552,0.406468629552019,0.234104948803606,-0.478934214469755,0.997601325968176
451,-0.845666344983696,-0.780068339158203,-0.183514050563887,-0.83610672488782,-0.467171581064925,-0.800663419070038,-0.189944556267026,-0.69732036757165,-0.800863816067905,-0.561838969289481
452,0.036577689727213,0.13592176471516,-0.945629933443974,-0.022136790184957,-0.342135671252035,0.050069480825055,-0.93782471173997,-0.158085069303327,0.393745280064817,-0.905364860883299
453,1.03591869926303,0.925379196473397,0.230332297144939,1.04378658330784,-0.523051916304307,0.873189821614007,0.218262836010569,0.640742362889253,0.950993863772882,0.076853027826812
454,0.880689692740589,0.866887346568973,-0.02804139563969,0.982738838205125,-0.086019807615223,1.19140020752884,-0.020722682126356,0.833913354806833,1.07513017747931,-0.564578783503914
455,-1.69852518995697,-1.64093077368478,-1.33192309460858,-1.50349677963818,-0.090892742899501,-1.46395578850649,-1.31690682929409,-1.75427938859258,-1.17044019244467,-1.04559929134829
456,1.25590797798859,1.05844281396368,0.827234199422565,1.23527264771499,-0.456452460321621,0.829086702185628,0.852282292372603,0.956307911926746,0.817353922310937,1.72638364626108
457,-0.318002247743054,-0.527881900620258,0.744938053863765,-0.460643142262627,1.33517410758823,-0.379409381206894,0.726180604718162,-0.143191314352418,-0.680721650193219,0.551387472975608
458,0.212615638462768,0.259103777898686,0.441814146284499,0.094300085501148,-0.204067834648709,0.054839515180877,0.423673252522455,0.119651190972642,0.1127193540717,0.927953596488005
459,-0.110568958055679,-0.058746380992918,-0.242496840440306,-0.174012552956832,-0.348452439213137,0.102256505364077,-0.247843052409581,-0.263424323269276,0.107158419747512,0.227665344025212
460,-0.160322884785042,0.090694629951575,0.760233443689891,-0.327339242528535,1.45834640374233,-0.164762380971004,0.765624847242231,0.245361975735157,-0.4371468095377,0.51824948889159
461,1.04336162711188,0.758687295032796,0.506648131312575,0.886469845036613,-0.66297801903799,0.656626019135387,0.490577652789731,0.611481702921829,0.77462361549139,1.61298425039585
462,-0.449231122439346,-0.321598678147675,-1.71832139443606,-0.518680214255701,-0.314754988794613,-0.249204717242037,-1.69607933891285,-0.900258571884077,0.136673950182051,-1.21016437347029
463,-0.794320998836096,-0.994883707659195,0.560300848105533,-0.989397141289528,0.971613028917826,-0.532226250601205,0.543371376018483,-0.220619229571808,-0.450876129926797,0.574978787832048
464,-0.210721014277409,-0.356665663108175,-0.304704644519455,-0.272312843645101,-0.335544842458759,-0.134066270430905,-0.308886240906303,-0.168437670514168,-0.233558469799927,-0.836738710371525
465,0.960594694714712,0.722806308184958,0.361993330549623,0.74228399430382,-0.206918067303327,0.580426690137438,0.349684968873399,0.813026681852194,0.594841940462791,1.50104838343009
466,0.089638523973334,0.290809286626758,1.05234064789768,0.070250973794018,2.17279358181559,-0.004678330899908,1.05976062559142,0.595984997490447,-0.304635005804722,0.888503025382289
467,-0.418353529634086,-0.356976660506991,0.494996024717597,-0.512296136336463,-0.520636170334844,-0.578093131144633,0.475891321023742,-0.038839904013457,-0.762104502599911,0.234938931208554
468,-1.61838517327116,-1.65465792843603,-1.30620983466477,-1.40352792313011,-0.563004638106956,-1.47010622352881,-1.29166207004749,-1.64485851110712,-1.70914589660539,-0.346457905840581
469,0.198277355113604,0.430417371118226,0.105167004607835,0.470235219336286,-0.366507032083968,0.296391448714722,0.093326730242317,0.332941996495911,0.05570273297863,-0.803015590085931
470,-0.095967028760916,-0.145517359588013,-0.996432478223607,-0.1533368460593,-0.333241394586383,-0.05861547922577,-0.987660870046623,-0.287985774516314,0.305327324762222,-1.05702252679409
471,0.109267620755688,0.015225026396962,-0.99152295979167,0.010182604281187,-0.481496272853962,-0.233408145399776,-0.982847889060793,-0.235403224119718,0.832171503268683,-0.793367038319726
472,0.740754536999106,0.656739643375441,0.162001308764506,0.663825127603183,-0.506864947738589,-0.030175588874941,0.149117664035558,0.277852518494823,0.213244529790504,1.33640207063539
473,-0.080178096226913,0.016844917196016,-1.94790994982227,-0.150471265629642,-0.347448440749902,-0.330669570187406,-1.92137442382055,-0.871347681734209,0.267540499461955,-1.23196861352757
474,-0.201965821540951,0.202975508225271,0.472898620527672,0.068437315294235,-0.493656552509874,-0.378533561684129,0.460689595906719,0.119576553898602,-0.448654586189144,-0.571447594114873
475,-0.294734598317804,0.080372220636065,0.131847083125522,-0.086666759607256,-0.717726015131753,0.124488380862365,0.119515055777735,-0.048023191064352,-0.191113734902648,-0.515414951452055
476,-0.389890504222015,-0.326304204008033,-2.09575319481825,-0.522488897105246,-0.493294257458559,-0.508635188058074,-2.0664521017473,-1.06276397067585,0.70769687687957,-1.24370162696244
477,-0.516382102674062,-0.465241615848139,-0.010492381430934,-0.558109150040996,-0.162576361539557,-0.3489678341267,-0.020158128178759,-0.309103676053271,-0.532210100653103,-0.674832211791263
478,0.248642081499742,0.1836828521978,0.295189138404076,0.144937430815106,-0.696262372885089,0.21768285132629,0.27981348872985,0.340462779309384,0.46788463925395,1.10102174021219
479,-1.0412224444702,-0.78319724342282,-1.31617286578433,-0.852828656255824,-0.434995502485498,-0.267834822834421,-1.30144978624009,-1.21850959211494,-0.511238573406456,-1.38373366914124
480,-1.45080656118832,-1.65872252922231,-1.22415825077833,-1.38945393317179,-0.515134900459727,-1.21463057789343,-1.21113859870729,-1.72442455897693,-1.27426359522968,-0.273255301836958
481,0.78263964627518,0.975017085649765,1.15520968703463,0.634335040396703,1.55333321440989,0.830805005539981,1.20710762008842,0.991375628948823,0.515169946869694,-0.198499677514804
482,-0.807582032009346,-1.07568353619701,0.47309975536101,-0.627427177902723,1.92733266858089,-0.992860346556294,0.455090045375924,-0.358387560471745,-0.761794489837448,0.271735049145713
483,0.40627730463881,0.570809709919753,-0.391908022887085,0.473282165615922,-0.458092814668346,0.182366717040671,-0.394428850572742,-0.077078964946178,0.699163164571759,0.346028071670859
484,0.646685425015446,0.66844396287178,0.294156036760111,0.51318265261116,-0.462480461747357,0.118710699477757,0.279523282627574,0.579605818418956,0.05535670213588,-0.508734761216662
485,-0.778820764577365,-0.84561306920275,-0.361584661138249,-0.857580441525258,-0.53971748866475,-0.522042196946353,-0.364699376259281,-0.470905144793812,-0.586691306166027,-0.889100828061639
486,0.929360404453642,1.26217585776596,0.455786160332184,1.01095936446176,-0.668258703365259,1.0139118961455,0.439823301405384,0.704956589059636,0.971236024893732,-0.483151229692742
487,0.351615507229816,0.213149179654391,0.432328810394119,0.160353528063266,-0.461095451883294,0.164119971896833,0.417066702675019,0.562230014888235,0.15759788210832,-0.40653556064511
488,-0.998977058834076,-1.18694758819283,-0.016983551052302,-1.10561637795566,-0.308757735657365,-0.692740634140236,-0.026539490777435,-0.7799333642287,-0.694052198979148,-0.299908600016464
489,-0.64632972965282,-0.26148423311899,-0.003672082082285,-0.419436821147544,-0.614643046417117,-0.197190432193663,-0.013477044523635,-0.254208839833502,-0.500442153840664,-0.726205793498483
490,-0.142680079855283,0.124779944861897,0.377380145299994,0.150160767294482,-0.388159174707883,0.142909380755542,0.363738556186883,0.212767526460651,-0.127059438193654,-0.458108777056396
491,1.14086290826066,0.911825118535398,0.572391794336885,1.14963169335521,-0.749685518809655,0.500840757967551,0.551839685232432,0.749438821714924,0.562387077404895,1.52841485937998
492,-0.119072434527335,-0.25869336950526,0.63049461931745,-0.374131631822951,1.36230612997354,-0.111102524985394,0.614176907496679,-0.136134452175619,-0.383012921227536,0.643922977079267
493,-0.123787044378062,-0.164466566314182,-0.084973981589924,-0.127292710002408,-0.470997737658507,-0.20841092279241,-0.093244077007078,0.080733079013369,-0.194608775050421,-0.669436567617211
494,0.485142038447487,0.475909529752106,0.249492675643506,0.525515530409689,-0.33455822346293,0.74456405720403,0.234967923886922,0.3512353969957,0.574417116220489,-0.149105921355501
495,-0.125074256935992,0.000973232555531,1.11368220081961,-0.128018173402321,2.04737799748398,-0.117793907360015,1.13280058547457,0.280057970859078,-0.526583561968392,0.798016186379675
496,0.022705856897188,-0.047896628262022,0.474690549042866,-0.016550722005623,-0.431126565664455,-0.081998951328386,0.462776542521992,0.08928707308707,-0.608681630540768,0.516306836702361
497,-1.47583980337143,-1.29410377019907,-1.23031114817999,-1.23126663882066,-0.303305930420249,-0.977209239548264,-1.21720913946965,-1.55384664841261,-1.12693806961899,-1.40727679631049
498,1.00203482689708,0.870013546508384,0.037002866714149,0.963332692257441,-0.261270346293071,0.620494675674598,0.029487731044435,0.414338847887735,0.726121411305978,-0.088444507140459
499,0.330749302548877,0.305096236695881,0.692610998472354,0.211861429457119,-0.629403561773418,0.222872612339215,0.679603318215752,0.29558833614738,-0.061082033269377,0.818856672693181
500,-1.47778434134124,-1.5363842655034,-1.97421061490434,-1.43058770794688,-0.478196847811,-1.53921262659932,-1.94719008031753,-1.50331881276015,-1.81334105743335,-0.50982242615606
